Date,City,Temperature,Humidity,Weather,Sales,Profit
2023-01-01,Houston,26.093947946048928,36.32842199739783,Snowy,807.0,3212.447884233486
2023-01-02,Phoenix,32.25766623898692,69.40680628345764,Sunny,,4249.032483961368
2023-01-03,Chicago,29.810092317367133,79.32618963601354,Sunny,444.0,2536.1705535644014
2023-01-04,Phoenix,27.238840242791312,,Sunny,323.0,3665.071445916154
2023-01-05,Phoenix,17.095255445546883,,Snowy,,4955.342125556657
2023-01-06,Los Angeles,29.714683571359956,87.8685992340487,Cloudy,587.0,1902.9108953565096
2023-01-07,Chicago,43.82024496475034,42.22598754766135,Sunny,976.0,2559.5989851643226
2023-01-08,Chicago,38.454200461549775,61.39977787168448,Sunny,948.0,2920.1895092403424
2023-01-09,Chicago,40.93186626639397,47.22827748507453,Snowy,328.0,1552.061948080207
2023-01-10,Phoenix,19.88784323568815,77.57126514203037,Cloudy,489.0,1324.154441860227
2023-01-11,Houston,15.103951797414192,64.65560195286946,Sunny,688.0,4318.891465286498
2023-01-12,Chicago,23.74213079900352,68.07494505301823,Rainy,287.0,4907.177491310345
2023-01-13,Phoenix,25.557249122886947,77.87484957695364,Snowy,957.0,2618.9002553186347
2023-01-14,Los Angeles,35.94191518470949,53.75822835974729,Sunny,369.0,1350.5993447786132
2023-01-15,Houston,8.075353702851807,84.90540410442259,Sunny,706.0,1263.247042762306
2023-01-16,Los Angeles,40.29550319460614,61.9817320347684,Rainy,409.0,4565.272825441194
2023-01-17,Houston,23.419921014210107,39.47728937012088,Rainy,231.0,2855.2569989107196
2023-01-18,Phoenix,20.7311893005258,71.75394709012815,Snowy,650.0,2280.1092662495676
2023-01-19,New York,14.878956247398325,77.59568102629527,Snowy,171.0,2905.8450849575984
2023-01-20,Houston,8.451433281342307,49.0057006240516,Rainy,892.0,2273.2163787693894
2023-01-21,Los Angeles,33.231705839619146,81.43075541992518,Snowy,944.0,2956.14310123048
2023-01-22,Phoenix,25.733179671884038,84.36859528594599,Rainy,771.0,4438.225587671747
2023-01-23,Houston,,46.614269242668534,Sunny,286.0,3369.2054842483826
2023-01-24,New York,12.04921227936384,89.01128836291332,Rainy,585.0,3778.6150912407015
2023-01-25,New York,21.642153007098717,38.442691682925506,Rainy,290.0,2458.682704937346
2023-01-26,Chicago,41.69021525289393,42.1209401041494,Cloudy,521.0,
2023-01-27,Chicago,22.40408648636395,41.053490354281564,Rainy,219.0,3666.4683395174893
2023-01-28,Los Angeles,9.968570468818939,,Rainy,319.0,1478.2479910082257
2023-01-29,Houston,22.542569359140558,69.2575531394977,Cloudy,152.0,3290.5714124623382
2023-01-30,Houston,22.272764302523296,39.12625699333637,Snowy,833.0,2026.9739852390321
2023-01-31,Chicago,-1.9688664294157157,56.41940510210094,Cloudy,550.0,4216.382678534372
2023-02-01,Houston,24.457051334821877,66.91788150418813,Sunny,511.0,2703.750833867758
2023-02-02,Houston,22.69065469791322,35.007845099362996,Cloudy,742.0,4978.7366607859485
2023-02-03,New York,,82.94498210444033,Sunny,336.0,
2023-02-04,Chicago,43.48956094945345,,Snowy,857.0,4121.391450960635
2023-02-05,Phoenix,36.26565029547757,60.31240641459829,Cloudy,837.0,3694.806934168626
2023-02-06,Chicago,22.311113094451695,88.02759691555022,Cloudy,819.0,4069.9953223628218
2023-02-07,Phoenix,13.934740912583298,55.06565875650598,Snowy,505.0,2230.1191819618252
2023-02-08,New York,50.733598032498605,89.04661914218987,Sunny,707.0,2968.2179575296022
2023-02-09,Los Angeles,25.592184340144883,70.07519992821761,Cloudy,,4186.034078894834
2023-02-10,Houston,25.139292919129463,68.0802763952365,Sunny,811.0,1930.16532648342
2023-02-11,New York,24.758749128899968,39.9572937177471,Cloudy,346.0,1904.1327871546082
2023-02-12,Houston,26.980847607678548,82.91566549827864,Rainy,171.0,3204.2038131797294
2023-02-13,Los Angeles,23.556395880760576,55.649381275236905,Cloudy,929.0,3094.2543181194233
2023-02-14,Los Angeles,19.263379931197637,39.734004346948765,Snowy,284.0,2129.049881651731
2023-02-15,New York,19.531410587596078,30.75645119854554,Snowy,105.0,2192.302602099291
2023-02-16,Los Angeles,24.672467297840015,63.585341018302955,Sunny,305.0,2111.380652826262
2023-02-17,Phoenix,19.565752288662352,61.64397732736058,Cloudy,643.0,4086.0482479939506
2023-02-18,Los Angeles,17.871542173228356,73.16121734214951,Sunny,710.0,3607.6034622498423
2023-02-19,Houston,,83.41548318106813,Sunny,486.0,4329.6687336410105
2023-02-20,Houston,22.450227825791448,34.76439507858177,Rainy,867.0,4901.892113256087
2023-02-21,Houston,40.039929885826886,73.88978942042175,Rainy,798.0,2896.6571850879454
2023-02-22,Houston,-1.5096980839301182,41.244716645854936,Snowy,175.0,1266.7755256217954
2023-02-23,Phoenix,35.91506851922462,81.49062318942984,Sunny,276.0,1192.3692416481417
2023-02-24,Chicago,37.46085192497629,79.14381083169937,Snowy,926.0,2182.660157086477
2023-02-25,New York,4.266097675918505,62.44762529913266,Cloudy,898.0,4730.1783574098035
2023-02-26,Houston,21.573124059196513,72.61456791739869,Sunny,448.0,3092.8522198834994
2023-02-27,Los Angeles,21.285591340042085,48.861006791024906,Sunny,354.0,
2023-02-28,Houston,10.924883052821787,58.27007393596888,Cloudy,936.0,2596.6671780440784
2023-03-01,Los Angeles,,79.2982138626283,Cloudy,801.0,3394.380429618683
2023-03-02,Los Angeles,13.894241545341712,57.55591183039283,Snowy,407.0,3611.798632551369
2023-03-03,Houston,42.52270443423623,51.46789591952651,Snowy,444.0,1615.6780391316202
2023-03-04,Phoenix,34.35678393147461,59.65274683501799,Cloudy,226.0,4908.126706180704
2023-03-05,Los Angeles,37.71555094994159,79.6949551462331,Snowy,386.0,3179.088907931155
2023-03-06,Los Angeles,32.21672064043235,50.11248284225236,Cloudy,865.0,1542.7532711691172
2023-03-07,Houston,13.709482287827708,40.42569558814463,Sunny,824.0,4574.541013384534
2023-03-08,Los Angeles,19.754797337202262,72.72084121984685,Sunny,861.0,1298.5537243177153
2023-03-09,Los Angeles,29.89374561227918,,Rainy,695.0,4630.941732710051
2023-03-10,Houston,12.778721911080545,36.038248711412,Sunny,586.0,4986.2626251559295
2023-03-11,Houston,32.12998430172388,44.39244676535668,Cloudy,482.0,3801.7271966260155
2023-03-12,New York,22.59674601841865,38.51831938565964,Snowy,505.0,4081.788884295959
2023-03-13,Phoenix,21.251791924504026,50.87648469493,Rainy,487.0,2349.2113458699455
2023-03-14,Phoenix,32.10959968203491,57.021058734324754,Snowy,624.0,4766.307410935735
2023-03-15,Los Angeles,29.4426331148604,74.92958021779839,Cloudy,656.0,3118.8558644334707
2023-03-16,Phoenix,21.3903383418092,69.06885509290045,Sunny,738.0,3929.5537863902196
2023-03-17,Los Angeles,36.59329803364248,67.25571404870587,Rainy,725.0,4696.430863645118
2023-03-18,New York,14.189366724001026,51.142496796579266,Cloudy,375.0,4900.719903902033
2023-03-19,Houston,31.159356069442637,80.4868531850856,Rainy,599.0,4332.817426386697
2023-03-20,Houston,30.931012579683838,58.27723004388987,Rainy,816.0,
2023-03-21,Houston,21.904535606860097,88.74629628090926,Sunny,436.0,4866.19006620833
2023-03-22,Phoenix,28.26133022242118,68.04852829774421,Cloudy,580.0,3512.4781249742873
2023-03-23,New York,12.48886423614697,37.57588449387016,Snowy,996.0,4722.5699054078395
2023-03-24,Phoenix,34.24027019206901,70.57065372452604,Rainy,372.0,3704.4201032574074
2023-03-25,Phoenix,23.15097863557011,49.506240925901935,Rainy,157.0,2228.955847390882
2023-03-26,New York,19.772769794809605,71.17963180116584,Snowy,427.0,2480.098096571264
2023-03-27,New York,35.49009225836889,34.178468889744344,Cloudy,830.0,3201.887108411762
2023-03-28,New York,17.95656309457241,40.49288623055756,Rainy,,4160.059366239528
2023-03-29,New York,10.915387036364404,,Rainy,378.0,2271.9302053613396
2023-03-30,Houston,9.433708264760963,43.63077342141089,Rainy,785.0,3318.9246645367684
2023-03-31,Chicago,31.060099513456397,80.22246751457641,Cloudy,427.0,2382.499974305606
2023-04-01,Chicago,12.19570647503717,46.75656530726462,Cloudy,875.0,4263.077618540428
2023-04-02,New York,42.54794181984364,68.57291460352246,Snowy,414.0,2866.9123750718018
2023-04-03,Chicago,4.1807059211627795,71.64903441058986,Cloudy,573.0,
2023-04-04,Chicago,41.96456368290038,60.759285188703174,Cloudy,210.0,1664.2100859261454
2023-04-05,New York,27.110174672026183,48.31864060180388,Sunny,798.0,1244.4186704785293
2023-04-06,Chicago,24.032868881296075,42.75866258226577,Snowy,880.0,2997.211784057301
2023-04-07,Phoenix,19.550809131910505,31.991361273745575,Rainy,,1425.3491893929086
2023-04-08,Los Angeles,28.99136114352071,48.23678407444343,Cloudy,596.0,1456.5598772385283
2023-04-09,Los Angeles,24.623652975751515,69.18976743187699,Rainy,255.0,4764.193040153508
2023-04-10,New York,36.03301882016521,86.29828910690895,Rainy,572.0,4490.620288704222
2023-04-11,Houston,26.142276486620396,82.27226893578313,Sunny,800.0,2808.346387245464
2023-04-12,New York,26.503017614618777,,Cloudy,371.0,
2023-04-13,Houston,21.36387787786144,77.30684059519791,Snowy,986.0,
2023-04-14,Los Angeles,,69.89909420855972,Cloudy,101.0,3455.917825093575
2023-04-15,New York,28.078017688920593,45.61721145396018,Rainy,857.0,
2023-04-16,Phoenix,7.898316073433744,84.43170184234978,Snowy,821.0,2829.772223479553
2023-04-17,Chicago,11.51814577894287,70.24393871435004,Cloudy,610.0,2587.7918917371717
2023-04-18,Houston,32.43264094022715,63.6264378588264,Rainy,385.0,2821.5325419224305
2023-04-19,Chicago,26.70865438127942,36.65936815280887,Rainy,970.0,2659.841744318722
2023-04-20,Chicago,,56.82333262838553,Sunny,112.0,3921.9699099291975
2023-04-21,New York,25.18433933065393,57.62149627211558,Sunny,707.0,1541.4217398931362
2023-04-22,Chicago,28.47581705361671,81.87381657136021,Sunny,597.0,1790.5568823645206
2023-04-23,Phoenix,19.602403196906387,62.798893211267306,Rainy,832.0,1722.0729135696943
2023-04-24,Chicago,17.216952745976872,52.824032938224576,Cloudy,337.0,2049.882340485058
2023-04-25,New York,26.958452550976816,88.60801971063955,Sunny,193.0,3101.033675126333
2023-04-26,Phoenix,15.21627222384968,36.643235599578944,Cloudy,437.0,1444.8349893528748
2023-04-27,Los Angeles,29.08252755714472,55.352905698716675,Sunny,880.0,4472.677181306017
2023-04-28,Chicago,7.974163957621595,32.52148051028432,Snowy,270.0,2189.4461252338892
2023-04-29,New York,35.29155637325644,74.39424724601582,Snowy,705.0,1650.1519498748314
2023-04-30,Los Angeles,29.725974824130432,85.08459313194903,Sunny,,3702.4852383929733
2023-05-01,Los Angeles,27.560297343138757,46.80223977302937,Rainy,,1152.345202397277
2023-05-02,Houston,34.82690983945514,81.50050060794726,Sunny,666.0,3479.8742594966566
2023-05-03,Phoenix,41.65474444462576,47.53309382771387,Sunny,948.0,3792.7937227059992
2023-05-04,Chicago,35.1437006501813,,Rainy,566.0,1859.6661255468766
2023-05-05,New York,6.591257686683548,75.23771421580705,Snowy,727.0,1167.856293774537
2023-05-06,Houston,12.204230332642984,78.29440661048632,Cloudy,242.0,2454.5814356777983
2023-05-07,Phoenix,18.751814223043212,31.08039333602727,Sunny,300.0,
2023-05-08,Houston,25.260910502108338,87.76862142444156,Rainy,279.0,1465.9113986933482
2023-05-09,Phoenix,30.17659020469123,73.6002595242194,Sunny,813.0,2017.0449257794583
2023-05-10,Phoenix,17.742561868465344,48.285065723168,Rainy,463.0,2181.8716985070373
2023-05-11,Chicago,26.867667644770783,79.76367989153081,Cloudy,578.0,3119.8813640856824
2023-05-12,Phoenix,17.446170676466775,46.891271904895795,Cloudy,664.0,3713.5675420120524
2023-05-13,Houston,18.884821970080516,82.36523037396768,Snowy,570.0,3371.083763480739
2023-05-14,Phoenix,10.933389031517777,36.75482342471622,Rainy,483.0,1593.4413491580672
2023-05-15,Chicago,15.767667538890958,72.22115864764774,Rainy,791.0,1688.3441298105058
2023-05-16,Chicago,11.483153943836664,62.44190859869462,Snowy,516.0,4515.076999171658
2023-05-17,Houston,,35.792068211726445,Snowy,,3233.4092602564547
2023-05-18,Los Angeles,35.536417966078396,44.51362969553034,Rainy,407.0,4479.751331590756
2023-05-19,Los Angeles,15.50601111168057,30.74424217663889,Snowy,748.0,2486.186045279497
2023-05-20,Phoenix,51.32382064837391,58.12607792787035,Cloudy,793.0,3457.6000297252954
2023-05-21,New York,29.933179008808892,48.07591564560002,Sunny,466.0,3094.653664218443
2023-05-22,Phoenix,,65.90144905786553,Cloudy,100.0,2276.49395928185
2023-05-23,Houston,16.416422198187867,47.83426846251703,Snowy,143.0,2879.661488134381
2023-05-24,Houston,32.003098794089915,47.99514669041908,Rainy,838.0,3009.963507307728
2023-05-25,Houston,19.243621737622263,74.5915919238962,Rainy,942.0,1803.0838990267143
2023-05-26,Houston,26.220098146453616,32.88857015870121,Cloudy,197.0,2260.041489506926
2023-05-27,Houston,50.60084538268795,84.17369971151923,Rainy,819.0,4165.639002027902
2023-05-28,Chicago,24.0394010027535,81.13583246347089,Snowy,364.0,4663.152957816508
2023-05-29,Los Angeles,36.49273326285676,70.06828099358438,Cloudy,899.0,2439.176374181198
2023-05-30,Houston,17.968235748741126,65.59329420644306,Rainy,882.0,2227.889128836073
2023-05-31,New York,24.650115095030383,83.53814988837914,Sunny,239.0,1780.78865828753
2023-06-01,New York,42.7080063563551,41.11981077172287,Sunny,580.0,3713.964674602325
2023-06-02,New York,18.730329422122324,34.73814973144972,Snowy,336.0,
2023-06-03,New York,43.12448557996929,44.370610194572286,Rainy,171.0,4950.998156396754
2023-06-04,Chicago,32.07751935455475,77.67469672201142,Snowy,766.0,2302.7392082558126
2023-06-05,New York,19.375332241057322,32.080216003589,Cloudy,289.0,
2023-06-06,Houston,,64.96841010500938,Sunny,367.0,3413.336784848139
2023-06-07,Phoenix,34.7255444962673,89.7262509714786,Cloudy,420.0,4206.73717276522
2023-06-08,New York,31.218099622171962,81.34176563025237,Rainy,206.0,2878.074661382535
2023-06-09,Chicago,9.297752801095436,,Snowy,331.0,2690.6241351558333
2023-06-10,Chicago,17.728628241751316,33.81845455719854,Snowy,141.0,4982.551334379234
2023-06-11,New York,22.52481364448495,79.88241086314258,Snowy,801.0,1041.9745645597777
2023-06-12,Phoenix,24.255665708999537,65.93871049063263,Cloudy,982.0,4580.261155404984
2023-06-13,New York,31.20672097550678,36.89597982357401,Sunny,238.0,1596.5633037589496
2023-06-14,Chicago,26.77701000933254,,Cloudy,714.0,4143.7011048356535
2023-06-15,Los Angeles,11.646556412898988,84.57760916619554,Cloudy,782.0,3471.726239385192
2023-06-16,Houston,28.801978510059634,70.15201577628471,Rainy,962.0,2367.3891419923684
2023-06-17,Chicago,31.10585745283823,79.75720795900534,Rainy,372.0,4495.4998220840735
2023-06-18,New York,30.597904479310397,82.73873401693604,Rainy,580.0,1051.628911923968
2023-06-19,Houston,35.807807255546216,64.30634112289934,Sunny,515.0,1906.7626082996946
2023-06-20,New York,33.33922154548904,61.04678110530247,Sunny,,3267.571184998144
2023-06-21,New York,29.591800792284367,55.82564461925941,Rainy,832.0,2406.169040198792
2023-06-22,Los Angeles,24.29834288541353,49.01679526746716,Rainy,824.0,3441.5099812733106
2023-06-23,Houston,8.390390664840087,56.07575765152271,Sunny,,1096.4407736346673
2023-06-24,Houston,29.296182191325858,76.43277934380939,Snowy,523.0,1465.83572192685
2023-06-25,Los Angeles,27.07687687163111,66.11540586090788,Sunny,506.0,1508.3849608737569
2023-06-26,Chicago,27.715788371953735,83.55139739729077,Sunny,667.0,1757.1345836640378
2023-06-27,New York,12.232514241796906,56.602800862751266,Sunny,489.0,2837.3257632021714
2023-06-28,Phoenix,14.189434595917376,,Rainy,441.0,4008.514798174285
2023-06-29,New York,35.53152853332904,67.87845318551932,Snowy,,4622.155351715604
2023-06-30,New York,24.60444846143345,65.50182973837954,Sunny,592.0,4341.490121136984
2023-07-01,Chicago,31.815006973726245,72.15802638513098,Rainy,291.0,
2023-07-02,New York,25.283183761304613,44.246008102488375,Cloudy,598.0,2764.60220892253
2023-07-03,Los Angeles,25.29756139495745,60.741826652747434,Cloudy,921.0,1797.64639103414
2023-07-04,Los Angeles,34.382838059759976,36.25348816850086,Sunny,811.0,2057.887266668763
2023-07-05,Houston,19.839552717826262,53.07067965868875,Cloudy,332.0,3014.1879260475444
2023-07-06,Phoenix,25.961207769409835,59.26002411727586,Snowy,326.0,1272.4360988940903
2023-07-07,New York,20.377247112949576,69.13345557272835,Cloudy,470.0,1872.697318373093
2023-07-08,New York,20.655037725676845,87.0318631551722,Cloudy,238.0,4741.512645228469
2023-07-09,Chicago,21.908278765313607,66.03906399290136,Snowy,955.0,2864.465170633956
2023-07-10,Los Angeles,27.22133771633713,74.61563497059359,Sunny,916.0,2781.546103911489
2023-07-11,Phoenix,20.212513783365225,60.37596356971217,Sunny,248.0,1058.2686190051156
2023-07-12,Houston,37.55756125573521,68.04624188257988,Snowy,214.0,1989.5989882333831
2023-07-13,Los Angeles,16.053926977804963,34.25593296802641,Snowy,,4465.169743928725
2023-07-14,Houston,23.13128355838641,45.26349485051082,Snowy,162.0,1658.513713034675
2023-07-15,Chicago,20.60268941725825,51.711185592308325,Cloudy,203.0,2660.4997581388843
2023-07-16,Chicago,39.46977884353733,58.349601300390816,Snowy,950.0,1057.323623468005
2023-07-17,New York,26.965547765115748,32.738924730143026,Rainy,970.0,2913.3419266822234
2023-07-18,Phoenix,35.31844539468635,38.401445853199064,Cloudy,767.0,
2023-07-19,Houston,10.144396269630281,46.60885846747834,Sunny,372.0,4278.4382122632
2023-07-20,Los Angeles,27.670502658692588,88.29196145406304,Sunny,105.0,4299.415069948414
2023-07-21,Chicago,33.89630795623437,49.88082042618305,Sunny,246.0,4150.9687532094795
2023-07-22,New York,25.822839892754242,58.92246348672495,Cloudy,283.0,2133.456275564473
2023-07-23,New York,35.654803750653514,41.76586276430358,Rainy,127.0,4348.948872887273
2023-07-24,Houston,19.827115498996278,66.64680426454609,Snowy,649.0,3171.9925304210774
2023-07-25,Chicago,39.0934744018558,46.84099293095846,Snowy,218.0,2495.2324354680095
2023-07-26,Phoenix,47.9889812361925,42.419554706305604,Sunny,392.0,3501.319838816932
2023-07-27,Chicago,21.37161439560341,60.99435770675875,Sunny,470.0,1049.364184241496
2023-07-28,Houston,20.54497478599228,30.33034794962525,Cloudy,343.0,1571.8435104030086
2023-07-29,Houston,39.53384477117701,30.45984195895352,Rainy,679.0,3969.174152681051
2023-07-30,Chicago,40.795721457307124,43.14412854611147,Snowy,825.0,1976.646434864612
2023-07-31,Houston,19.771399728467316,32.20328175004927,Cloudy,,3392.0364693149986
2023-08-01,Chicago,20.798131829041427,36.48154524784148,Snowy,276.0,2540.4104112921186
2023-08-02,Los Angeles,22.182153911394927,50.331638960325094,Sunny,398.0,4419.223115197046
2023-08-03,Chicago,11.55549488965723,78.15514077478878,Snowy,775.0,4809.661223986574
2023-08-04,Chicago,15.813480535158018,64.32291860215804,Rainy,157.0,4534.258913480762
2023-08-05,Houston,14.958592332479322,60.76006355738498,Rainy,368.0,2082.479978774387
2023-08-06,Houston,17.322024348958713,47.6093293924873,Sunny,407.0,1776.651476184329
2023-08-07,New York,24.653151126132187,85.90522316596898,Rainy,669.0,2897.73957448294
2023-08-08,New York,27.342147325365207,53.8209024742315,Rainy,387.0,1029.3366033447212
2023-08-09,Los Angeles,40.50500492814077,35.22556600774629,Cloudy,204.0,1103.237571452727
2023-08-10,New York,15.01645959261209,67.02399096706807,Snowy,327.0,3213.1625584920002
2023-08-11,Chicago,34.843223984765835,36.83030360859608,Sunny,346.0,3081.797616661144
2023-08-12,Houston,22.86011155774491,50.71338856810152,Sunny,799.0,4978.32795614104
2023-08-13,New York,24.50536290347567,60.44471632306853,Sunny,593.0,
2023-08-14,New York,31.748194921666038,82.45335148111054,Sunny,182.0,2032.4157166418738
2023-08-15,Los Angeles,13.772779784377015,59.61279482040712,Sunny,285.0,1454.1625693051467
2023-08-16,Los Angeles,28.824097461840505,72.13552596189986,Rainy,351.0,4670.172038614979
2023-08-17,Chicago,26.66452208213056,89.56901033994421,Cloudy,454.0,4111.244977833803
2023-08-18,Houston,29.924512640081492,37.8893471938789,Sunny,849.0,4289.35644582739
2023-08-19,Los Angeles,27.891686439078182,46.48389153117117,Cloudy,971.0,4611.055151858035
2023-08-20,New York,49.55300139910894,53.674564535858785,Cloudy,,3099.599946903353
2023-08-21,Houston,,55.30969071232988,Rainy,895.0,2804.772765802895
2023-08-22,Houston,,54.66126451593274,Sunny,996.0,2321.5658946624662
2023-08-23,New York,18.768594735752355,84.4566601533933,Rainy,309.0,3356.858457391422
2023-08-24,Los Angeles,19.445228808397452,72.84195866801139,Sunny,915.0,
2023-08-25,New York,18.626128726934823,66.47431284544223,Rainy,,2806.2623464223007
2023-08-26,Houston,36.89016531107552,48.562363071766924,Cloudy,708.0,4747.711454924556
2023-08-27,Phoenix,39.20504247989855,79.42742305327768,Sunny,546.0,4936.12605711652
2023-08-28,Phoenix,19.29253706250524,87.30363068909934,Snowy,559.0,4185.937557318322
2023-08-29,Chicago,16.676444268957713,79.2718969530136,Cloudy,571.0,4027.032360987713
2023-08-30,New York,29.71415556386404,30.093906311488375,Snowy,819.0,3722.2326471164056
2023-08-31,New York,19.477769557190285,68.18408221100442,Cloudy,469.0,1664.2994093340549
2023-09-01,Chicago,31.32931817755511,33.06812288652604,Rainy,999.0,1236.423283502618
2023-09-02,Chicago,27.029230208513,45.456433220023314,Sunny,591.0,3762.9052604530525
2023-09-03,Chicago,9.84255885002768,33.5714820208663,Cloudy,236.0,3915.1448890263036
2023-09-04,Houston,40.47505201330061,66.22772717696327,Rainy,466.0,1187.8919643925592
2023-09-05,New York,42.95877673095522,71.1953948095564,Sunny,,4712.207000915392
2023-09-06,Houston,18.872113095156138,,Sunny,687.0,1364.5625577787102
2023-09-07,Chicago,21.12298440064016,53.030332982698766,Cloudy,386.0,2143.6021350848096
2023-09-08,New York,27.85865390724905,57.374190537332524,Sunny,571.0,3689.559251194818
2023-09-09,Houston,28.34456789987025,52.14318130565499,Cloudy,474.0,1679.4903776179053
2023-09-10,Houston,31.585442726728303,37.26150002911158,Sunny,753.0,1221.6635537689776
2023-09-11,Chicago,45.102045387663495,55.136867411248524,Snowy,848.0,2324.585956656599
2023-09-12,New York,23.230527725059506,75.07068286850509,Rainy,636.0,4063.886299420716
2023-09-13,Chicago,17.017027554615463,34.26045987199533,Snowy,610.0,2654.7147159410415
2023-09-14,New York,11.206807719854728,34.810800844914205,Cloudy,901.0,3611.891687631757
2023-09-15,Phoenix,17.69069960058081,51.28627751015905,Snowy,678.0,3318.4763889125466
2023-09-16,Los Angeles,24.668730271262028,86.5035426971355,Cloudy,349.0,1088.8739281023215
2023-09-17,Los Angeles,42.94557863517788,70.11435880337484,Sunny,609.0,4954.159948182827
2023-09-18,Los Angeles,19.823887009638284,70.7201974003539,Sunny,,1165.712355277551
2023-09-19,Chicago,27.237879516388986,51.715199450271896,Cloudy,172.0,4871.210950593941
2023-09-20,Phoenix,24.83577103927248,65.6196474725123,Snowy,381.0,3199.4567134575927
2023-09-21,New York,36.88393273448084,30.607871041664602,Sunny,459.0,4852.636108260266
2023-09-22,Houston,50.26932425873622,68.16576278457254,Rainy,109.0,1459.0143976553418
2023-09-23,New York,19.691312270796793,84.7972168545742,Sunny,310.0,2961.634076742053
2023-09-24,Houston,,66.75440810068915,Rainy,934.0,1678.0163674642345
2023-09-25,New York,35.44160877069072,82.42191560798071,Snowy,251.0,1203.8995080897696
2023-09-26,Phoenix,31.818914896263113,73.43838332796562,Rainy,104.0,3470.1164602492463
2023-09-27,Houston,43.46707325736034,37.23350498422141,Rainy,294.0,1831.1336838467657
2023-09-28,Chicago,30.83928185325964,84.14719843715051,Rainy,382.0,3350.7880731501837
2023-09-29,New York,21.407079092129404,33.986630661346496,Rainy,563.0,1449.4579277959424
2023-09-30,New York,30.906548306923092,62.03804835286583,Sunny,212.0,2327.945885730811
2023-10-01,Houston,36.087035805829075,38.52822742760746,Rainy,370.0,4126.530232212988
2023-10-02,Chicago,33.204821811973645,30.702396643854243,Sunny,262.0,2748.2060873687506
2023-10-03,Chicago,30.072740311072977,55.32205560765834,Rainy,559.0,3510.9816595893453
2023-10-04,Phoenix,35.666746895891535,47.702442459249376,Cloudy,204.0,3589.831762982184
2023-10-05,Chicago,36.692955904456724,59.16002962785618,Snowy,792.0,4375.020175949175
2023-10-06,Chicago,38.82158991037527,64.63199320407304,Rainy,655.0,2299.691177626565
2023-10-07,Chicago,31.48709887589643,32.624344338536844,Cloudy,381.0,3749.18225033007
2023-10-08,Los Angeles,23.328819196831457,37.38019770742474,Rainy,786.0,4846.4632281846625
2023-10-09,Phoenix,26.467136864333227,63.51854378702552,Rainy,261.0,3920.973337431472
2023-10-10,New York,37.06508966508357,50.59004119035949,Rainy,450.0,2959.481906870978
2023-10-11,Houston,16.83064329012764,73.75040925296688,Cloudy,533.0,3522.869777967717
2023-10-12,New York,28.686733088729014,69.13749891551637,Snowy,951.0,3958.7315910524326
2023-10-13,Phoenix,21.066611876726395,80.73626177939441,Cloudy,239.0,3449.10306277549
2023-10-14,Houston,25.287448229348175,71.54956960015352,Snowy,570.0,1066.7032539593565
2023-10-15,Phoenix,37.78451862607299,55.79586464340889,Rainy,,1779.0939907489033
2023-10-16,Chicago,26.910990680199035,70.37799734366595,Sunny,186.0,4241.872868861864
2023-10-17,Houston,,46.52287045532511,Rainy,787.0,2090.602589249939
2023-10-18,Chicago,11.401438590200808,48.37880992669276,Snowy,282.0,3926.248478244536
2023-10-19,New York,32.46253566027221,77.3391095952476,Cloudy,467.0,2488.480860966795
2023-10-20,New York,31.454841811410752,56.78517098409493,Rainy,228.0,3087.5373126317727
2023-10-21,Houston,46.6325472330546,77.90282043110115,Cloudy,345.0,1271.8931992776147
2023-10-22,Houston,21.922217650469992,79.3453424200967,Cloudy,700.0,1724.9022441988382
2023-10-23,Phoenix,27.191503276639388,81.45374025967703,Cloudy,677.0,4828.787854076938
2023-10-24,Phoenix,27.49383683710755,84.99811415047245,Rainy,769.0,4560.552213787656
2023-10-25,Chicago,40.77453279763475,55.859113230797774,Cloudy,998.0,3609.100443596201
2023-10-26,Houston,24.04704467613048,49.13200909926833,Cloudy,477.0,2838.5783895429495
2023-10-27,New York,27.79021525770339,64.93192479564684,Rainy,248.0,3703.0451715808954
2023-10-28,Phoenix,31.078965097165394,52.270345406257654,Cloudy,951.0,3474.4411563757562
2023-10-29,Phoenix,26.86609123156358,66.06445000801398,Rainy,532.0,3274.2090224184485
2023-10-30,New York,20.535663854494718,72.33515175862948,Snowy,727.0,1236.7082874541672
2023-10-31,Phoenix,26.940899928983075,71.30430110952821,Snowy,825.0,
2023-11-01,Chicago,35.73631749859772,52.47317322120728,Snowy,568.0,4075.6801782846733
2023-11-02,Houston,14.734847005889398,,Cloudy,545.0,4976.326618582302
2023-11-03,New York,26.32969674146876,55.83176030773245,Sunny,580.0,1044.3142103772386
2023-11-04,Houston,17.998791850608267,38.55564864491453,Sunny,983.0,3920.6938132427067
2023-11-05,Phoenix,36.950466289248425,83.4058221110285,Cloudy,393.0,3287.1572637439217
2023-11-06,Phoenix,9.768130952162252,50.75264764427145,Sunny,864.0,
2023-11-07,New York,19.410781527284115,39.267584833399425,Rainy,242.0,1510.2806982854836
2023-11-08,Chicago,28.77211875064521,31.526865594345054,Sunny,349.0,2636.3405945395048
2023-11-09,Los Angeles,40.65524029234341,68.74934317718905,Cloudy,977.0,2417.508731944541
2023-11-10,New York,24.34249738927012,68.21413904728459,Cloudy,401.0,2211.319555914969
2023-11-11,Los Angeles,19.448004733068018,50.4362499948775,Rainy,124.0,3923.5184932888305
2023-11-12,Los Angeles,43.8115706944059,34.30271333085906,Snowy,888.0,3802.902085137055
2023-11-13,Chicago,10.51986099583756,54.577733693713924,Cloudy,988.0,3356.0803639236465
2023-11-14,Los Angeles,3.0119404337991824,,Rainy,989.0,
2023-11-15,Los Angeles,29.400144500533322,,Sunny,169.0,2399.417536723418
2023-11-16,Chicago,19.979457756473888,66.34675496716142,Sunny,724.0,1975.2077508407183
2023-11-17,Los Angeles,14.787671828692869,51.8756236918524,Rainy,974.0,3623.613252393598
2023-11-18,Los Angeles,32.08356447299353,,Rainy,,1795.2562437496117
2023-11-19,Los Angeles,27.43800713771199,89.28215796933551,Cloudy,463.0,2260.0420287336983
2023-11-20,New York,19.359213692632714,57.24009727176689,Sunny,402.0,1898.4097602995394
2023-11-21,New York,12.196956013291055,71.29645414681423,Rainy,570.0,1276.614270874005
2023-11-22,New York,33.724573282801444,38.43317805470164,Sunny,190.0,4309.994966542694
2023-11-23,Chicago,31.50201177958661,59.13538197956387,Rainy,629.0,2018.1621716866448
2023-11-24,Phoenix,24.00824136220617,31.652203192167928,Sunny,760.0,2892.110013372083
2023-11-25,Los Angeles,43.466369960476655,60.327307074627,Snowy,838.0,1173.2610930172477
2023-11-26,Los Angeles,14.299152336738475,87.84104442706214,Cloudy,825.0,3797.3578650105724
2023-11-27,Chicago,9.74474829075261,53.05240277914801,Sunny,971.0,2322.2440092251636
2023-11-28,Los Angeles,18.080919301187556,32.3397607544947,Snowy,762.0,3978.9469113168398
2023-11-29,New York,24.544139836445023,31.85734745516061,Sunny,291.0,2649.6122418714644
2023-11-30,Phoenix,27.433394493226917,53.27920559681217,Sunny,651.0,1783.0224256224983
2023-12-01,Houston,22.587639421436702,39.60149618779164,Snowy,341.0,3052.7003291281435
2023-12-02,Los Angeles,28.520553965142966,31.401125779691156,Sunny,237.0,1522.0182385497592
2023-12-03,New York,12.48460575809556,75.37281683701062,Sunny,444.0,2762.156639491979
2023-12-04,Houston,39.437646040732595,57.51138053291344,Cloudy,279.0,2269.2219096819463
2023-12-05,Phoenix,,47.35468631835927,Snowy,811.0,4647.838336798533
2023-12-06,Houston,36.172958315881274,,Snowy,602.0,
2023-12-07,New York,28.427253463777042,36.96833761203153,Rainy,302.0,3776.069656422968
2023-12-08,Houston,,87.35512973731915,Sunny,672.0,1731.0046639497436
2023-12-09,Chicago,,48.83800304264117,Cloudy,291.0,2276.1802973289596
2023-12-10,Houston,29.477085600173147,83.30422033852088,Sunny,104.0,2662.0562522482637
2023-12-11,Los Angeles,31.42722759867544,66.1765725887677,Sunny,989.0,4632.060357499897
2023-12-12,Los Angeles,38.29152530132431,,Rainy,336.0,1970.3130642953006
2023-12-13,Chicago,26.965211697014702,89.04078979262786,Sunny,792.0,1365.235210178681
2023-12-14,New York,32.09003757588512,47.30432626912474,Cloudy,410.0,2274.7584159620947
2023-12-15,Los Angeles,24.102643057127732,87.66812912445558,Cloudy,648.0,
2023-12-16,Phoenix,39.40117215449473,53.36891369414522,Rainy,155.0,1514.38594384221
2023-12-17,Los Angeles,18.2360769794073,53.130714284215344,Sunny,,3295.402391900107
2023-12-18,Los Angeles,43.00940432910816,50.42322625527034,Cloudy,336.0,1243.6077323979732
2023-12-19,New York,24.598420493556567,62.48445644085511,Sunny,969.0,1123.7235255742642
2023-12-20,Houston,10.692248978819519,39.24870259070923,Sunny,960.0,3857.6564058819913
2023-12-21,Los Angeles,26.281044149107892,63.22268912148067,Sunny,296.0,2446.588379364178
2023-12-22,Chicago,18.18948342525119,62.50228874460024,Rainy,684.0,1501.5013969354932
2023-12-23,Houston,33.406435489887244,75.7141087562922,Sunny,670.0,2014.451083438833
2023-12-24,Phoenix,18.473760206976092,80.01899771625514,Cloudy,851.0,3568.346029409596
2023-12-25,New York,20.538165667852205,56.42648101874544,Sunny,613.0,2102.1462685634046
2023-12-26,Phoenix,6.104592690544692,48.13999496108963,Cloudy,548.0,2978.084500481632
2023-12-27,Houston,20.476936807509233,45.56009383902567,Sunny,459.0,
2023-12-28,Houston,0.7612067337104342,41.677430202292314,Cloudy,799.0,3352.3745504217877
2023-12-29,Houston,9.160971765142767,33.458854931941495,Cloudy,918.0,2264.3107353730566
2023-12-30,Phoenix,32.604146561442974,50.546878730082796,Sunny,129.0,3507.8737381148662
2023-12-31,Houston,32.85800158650832,46.21486152784699,Sunny,878.0,4233.579529216091
2024-01-01,Phoenix,29.254575617849646,87.98504315198444,Cloudy,207.0,3446.5856775599696
2024-01-02,Houston,15.33023856870787,63.462529575002634,Snowy,943.0,2182.9902503800827
2024-01-03,Chicago,24.5228864385802,50.83662234183045,Rainy,701.0,2022.9748061932016
2024-01-04,Houston,24.963974609094315,64.82805605962176,Snowy,816.0,2309.6838349337922
2024-01-05,Phoenix,13.416353108074572,38.351802080741734,Snowy,990.0,1658.4820529460194
2024-01-06,Los Angeles,40.0339830176715,56.642624952132174,Sunny,544.0,1724.6874034000803
2024-01-07,Houston,33.77362290575671,67.57405928526383,Rainy,992.0,4162.764407600671
2024-01-08,Los Angeles,22.79035826170336,59.33386990754708,Snowy,537.0,2538.93030602978
2024-01-09,Chicago,25.268858389945308,,Sunny,831.0,2743.9807222823433
2024-01-10,New York,27.083828079475524,89.63090333398189,Snowy,989.0,3376.1978622672445
2024-01-11,Chicago,4.582651315757094,,Snowy,705.0,3358.6139806061906
2024-01-12,Houston,22.528226174794032,67.40435748956641,Sunny,556.0,1269.507486087703
2024-01-13,Los Angeles,18.180157520022014,64.16264167093696,Sunny,714.0,4326.1631453506625
2024-01-14,Los Angeles,14.983799901050844,67.23962878947503,Sunny,834.0,1709.3062128957577
2024-01-15,Phoenix,22.188997071140452,42.078726469345995,Rainy,797.0,3892.2865441986755
2024-01-16,Los Angeles,42.976865268495224,53.70826459585912,Snowy,795.0,4090.6839525126666
2024-01-17,Phoenix,31.4084286126701,,Sunny,594.0,3859.5981363652545
2024-01-18,New York,19.28821010217203,58.5327622492096,Cloudy,773.0,3315.9105862165807
2024-01-19,Houston,30.725827813561587,62.58147503745979,Snowy,346.0,1058.4359884355315
2024-01-20,Phoenix,38.99355436586002,43.664984166192575,Cloudy,642.0,2441.5019694526827
2024-01-21,New York,34.246336829127685,87.84173082993082,Rainy,663.0,3419.357717450325
2024-01-22,Los Angeles,25.59630369920174,84.56727665623453,Sunny,956.0,2549.805183690155
2024-01-23,Los Angeles,18.530632222944263,73.32859412735435,Cloudy,687.0,4453.919579651252
2024-01-24,New York,31.9822331361359,62.00319772592175,Rainy,996.0,2235.2091013984614
2024-01-25,Los Angeles,28.934853854217497,82.19814957886109,Sunny,538.0,2174.1391698346415
2024-01-26,New York,33.95193220027733,37.83914062940777,Cloudy,377.0,2063.990772370632
2024-01-27,Phoenix,31.351718016819696,77.4305876564931,Cloudy,651.0,2331.123475843182
2024-01-28,Phoenix,35.49552715319335,37.489248838010894,Rainy,712.0,3229.6198572567487
2024-01-29,New York,19.64764788439432,77.65263975296432,Sunny,210.0,3828.0611770903633
2024-01-30,Phoenix,38.173940656343255,46.546054095081416,Sunny,484.0,3650.2716709551405
2024-01-31,Phoenix,26.975996046923996,82.62543486109134,Cloudy,932.0,4230.871279925918
2024-02-01,Phoenix,45.75260872625265,86.64252562952387,Cloudy,860.0,4543.655981989699
2024-02-02,Chicago,18.10812181910432,38.92775816430694,Cloudy,290.0,4264.3161693734055
2024-02-03,Houston,42.359638031652494,57.760536303923615,Sunny,589.0,1075.7816134974182
2024-02-04,Los Angeles,,88.8592426897611,Rainy,793.0,3943.671814207955
2024-02-05,Chicago,18.485819963855516,59.004446158388795,Rainy,525.0,1833.5982944733264
2024-02-06,Phoenix,20.161141659456785,81.8128513508727,Sunny,504.0,1531.7121708319305
2024-02-07,New York,21.7965269180568,65.32389132787918,Snowy,434.0,3553.955139196542
2024-02-08,Phoenix,29.241659464019165,52.51979447517611,Rainy,308.0,2278.9727816307795
2024-02-09,Houston,30.228354880354996,47.147013331552216,Cloudy,121.0,1228.4686534817731
2024-02-10,Phoenix,,42.193385465165235,Snowy,777.0,1550.5189375934453
2024-02-11,New York,24.75645407739017,75.70789148266184,Snowy,710.0,1003.7176674798443
2024-02-12,Houston,46.42270358611864,,Rainy,307.0,4612.89450937883
2024-02-13,Phoenix,42.275431701007115,60.67652773204507,Snowy,107.0,
2024-02-14,Houston,29.363236696740323,59.53952880007091,Snowy,801.0,1837.8230780380443
2024-02-15,Los Angeles,25.380034781682003,,Rainy,786.0,2665.0511227516295
2024-02-16,Los Angeles,26.20031326718261,81.93462873747313,Rainy,884.0,2426.2853038032763
2024-02-17,Phoenix,31.135179727304166,88.84436061500577,Snowy,628.0,4646.903507651103
2024-02-18,Houston,14.772074348015945,54.45505251442901,Cloudy,701.0,1161.1557829381684
2024-02-19,New York,22.426234625766547,79.65113532637818,Sunny,752.0,3048.8588307082064
2024-02-20,Phoenix,8.314159261224106,75.87166767928306,Snowy,756.0,3721.917850097496
2024-02-21,Los Angeles,28.992231226052795,64.41173708733439,Snowy,,4726.791894724675
2024-02-22,Los Angeles,31.471959397027412,87.36282861671599,Cloudy,948.0,3481.485008494884
2024-02-23,Phoenix,20.16813537700626,42.02847093170416,Snowy,595.0,
2024-02-24,Houston,40.73986763290033,36.55585261857728,Snowy,689.0,1334.8997513813936
2024-02-25,Los Angeles,12.742343369976588,81.23771801732534,Sunny,528.0,2543.7580437477095
2024-02-26,Houston,10.356251197901798,56.34898899802489,Sunny,873.0,2495.78853791627
2024-02-27,Los Angeles,27.24451818559972,80.81813125242363,Sunny,262.0,4545.152865822871
2024-02-28,Los Angeles,35.470983026121544,83.5854123117249,Rainy,465.0,1605.4846850530998
2024-02-29,Chicago,41.83927691457869,33.74745561714428,Rainy,625.0,1607.544689346521
2024-03-01,Los Angeles,20.4111573713106,83.00788577916364,Sunny,338.0,
2024-03-02,New York,35.78680833431296,,Sunny,,1217.8641894673503
2024-03-03,Phoenix,24.614915304992927,60.62594934025393,Rainy,544.0,1729.83216260996
2024-03-04,Phoenix,23.273727000591805,67.59555066559261,Cloudy,754.0,4860.838554182941
2024-03-05,Houston,33.83659937486672,85.58295640380521,Snowy,,2712.7357594686914
2024-03-06,Los Angeles,31.523228784134197,31.146965665785842,Snowy,608.0,3528.076833689746
2024-03-07,New York,,58.610608099069026,Sunny,894.0,3904.4450373785476
2024-03-08,Houston,39.76540349725896,71.26332254583363,Cloudy,368.0,2467.845628028802
2024-03-09,Chicago,38.800913541474515,73.3624174618937,Rainy,852.0,1588.9082976420677
2024-03-10,Houston,18.744372984904707,71.55194589222648,Sunny,514.0,
2024-03-11,Houston,28.95803533437409,38.06610776448731,Cloudy,344.0,2253.065906322441
2024-03-12,Los Angeles,29.94030186282739,47.963735302300876,Cloudy,,3544.2736814089026
2024-03-13,Chicago,27.60673765823907,,Cloudy,159.0,2593.1221963562175
2024-03-14,Houston,19.4969484615458,78.2662324607703,Rainy,105.0,1027.2587916005125
2024-03-15,New York,18.283766320619485,46.72559234487318,Rainy,808.0,3093.6287402698877
2024-03-16,New York,24.744459290085548,42.64229783203219,Snowy,669.0,
2024-03-17,Phoenix,36.72729019259364,87.44688114228578,Snowy,916.0,4248.310444034716
2024-03-18,Chicago,,30.531797106808135,Cloudy,,4300.845485038524
2024-03-19,Chicago,21.29385667913894,89.8692513409187,Cloudy,316.0,4180.232070424525
2024-03-20,Phoenix,32.716987106483444,70.60927793144373,Rainy,125.0,2294.9233024416944
2024-03-21,Houston,-3.4854262063007546,79.70815796694703,Snowy,914.0,4060.775335017568
2024-03-22,Chicago,36.48765700372103,47.67716378077159,Cloudy,104.0,1572.645431244772
2024-03-23,New York,7.602862212219005,30.8589166600236,Snowy,631.0,3630.864589103814
2024-03-24,New York,21.375590585968677,74.2721711136918,Snowy,489.0,3566.2742667399775
2024-03-25,Los Angeles,13.803301053738561,80.04867582004054,Cloudy,809.0,1102.2791963589386
2024-03-26,Chicago,12.053185242790942,74.42856791721115,Rainy,670.0,4151.880534363727
2024-03-27,Houston,36.608267873785195,38.57101723805032,Cloudy,547.0,4612.992420380522
2024-03-28,Phoenix,20.32298798688109,75.20567533541814,Cloudy,853.0,2069.661113888431
2024-03-29,Phoenix,28.465038817307157,76.13536692645846,Snowy,245.0,4249.562896744604
2024-03-30,Houston,24.53079421120816,69.5124309402033,Cloudy,487.0,1329.6238874477929
2024-03-31,Los Angeles,29.770408272231215,75.96695596773517,Rainy,884.0,3399.871433044264
2024-04-01,Phoenix,25.768218910602553,80.75528638066393,Cloudy,348.0,2942.587461337109
2024-04-02,Chicago,12.170077758114303,66.81624685424751,Rainy,625.0,3183.694133236
2024-04-03,Los Angeles,34.9626681944714,35.31628283818074,Rainy,561.0,4704.8208075373805
2024-04-04,Chicago,20.062434168386876,59.25766858003265,Snowy,112.0,4485.260988987414
2024-04-05,New York,9.43418101340249,34.6589600802963,Sunny,483.0,4140.334628959028
2024-04-06,Los Angeles,20.718848390340874,54.45258186194585,Sunny,655.0,2094.7938307134837
2024-04-07,Phoenix,40.00759790634311,54.42638934753766,Snowy,986.0,4647.274514744367
2024-04-08,Los Angeles,33.50221742113493,33.960590648414495,Cloudy,498.0,1390.030769855501
2024-04-09,Los Angeles,21.513478655921407,50.92923203816876,Snowy,118.0,4413.316866235151
2024-04-10,Los Angeles,21.507422956815713,36.65988592747889,Rainy,674.0,2312.640289414431
2024-04-11,Los Angeles,,78.49411260055334,Sunny,590.0,1215.0892466479336
2024-04-12,Chicago,45.76747983560841,86.86128155786824,Snowy,850.0,3677.427936962993
2024-04-13,New York,28.819354522315535,34.338988515476316,Cloudy,518.0,1925.1197132638217
2024-04-14,Houston,29.300416471910697,87.30691243750209,Snowy,436.0,1974.2845034585275
2024-04-15,Los Angeles,,61.354595960204705,Sunny,518.0,2224.1886649150856
2024-04-16,Phoenix,27.387891590265134,47.973940677232434,Snowy,711.0,1254.7390700100668
2024-04-17,Los Angeles,22.409578541792968,34.61172451656981,Snowy,774.0,1708.5085767930161
2024-04-18,Phoenix,23.036501509150217,60.03745608422507,Sunny,221.0,1020.5585103422412
2024-04-19,Chicago,24.28398740585936,77.67093266944492,Rainy,531.0,
2024-04-20,Phoenix,24.627777634901584,72.42518863600189,Rainy,143.0,1337.0215096718853
2024-04-21,Houston,,33.01356068783843,Sunny,971.0,3730.610420176796
2024-04-22,New York,25.519458858072994,34.374110122074214,Snowy,416.0,1942.4914047665934
2024-04-23,Phoenix,32.32640077215579,54.17239695795823,Sunny,480.0,4774.296576140709
2024-04-24,Phoenix,24.192834198914177,47.717429642876596,Rainy,244.0,4485.00650959461
2024-04-25,New York,25.786351903160906,43.94305938336287,Cloudy,426.0,2157.763579872833
2024-04-26,Houston,5.017993154678923,46.86026993452282,Snowy,462.0,4132.861818626715
2024-04-27,Los Angeles,34.16327674702482,78.20896459781308,Rainy,149.0,4212.979618659225
2024-04-28,Phoenix,28.464884758979927,85.75368321791123,Snowy,,4946.2524564576415
2024-04-29,New York,34.98010109859652,54.30616167165398,Sunny,454.0,3391.35994738274
2024-04-30,Chicago,-3.9625537819368937,84.36666012794981,Cloudy,899.0,1327.8629385746488
2024-05-01,New York,45.883747047807276,49.28974207487292,Sunny,263.0,3587.3489157055237
2024-05-02,Chicago,23.60410371844826,58.586219180627495,Cloudy,240.0,3499.918993504141
2024-05-03,Houston,36.081828167375164,43.56173986895998,Snowy,925.0,3553.4023096817273
2024-05-04,Los Angeles,14.60094072874469,68.42856253055064,Snowy,227.0,2228.582592416846
2024-05-05,New York,31.127739050625696,88.73886691048853,Sunny,497.0,4438.718340321331
2024-05-06,Phoenix,14.465844368263438,66.20958576260273,Cloudy,979.0,4837.8887318216475
2024-05-07,Houston,18.76231039304195,51.46884504681293,Cloudy,562.0,1870.850051912606
2024-05-08,New York,44.14031353866786,68.86904675943171,Snowy,850.0,1352.6086325465778
2024-05-09,Phoenix,23.093175992366533,37.375240707923254,Sunny,935.0,1778.1401326739365
2024-05-10,New York,27.174328731797228,83.31954481592392,Cloudy,907.0,4282.2085570228755
2024-05-11,Chicago,33.70067730688754,60.185037046790185,Snowy,286.0,3706.57853927939
2024-05-12,New York,29.956818879726047,56.960984522378524,Rainy,819.0,3544.1893693565066
2024-05-13,New York,26.504189051435766,65.15188730721115,Sunny,831.0,2607.172540437698
2024-05-14,New York,28.649610024662255,67.48703176736414,Rainy,289.0,3311.311886045743
2024-05-15,Houston,49.03415585238275,34.30654837359078,Sunny,487.0,2231.4965010974697
2024-05-16,New York,24.423812029664145,70.95703327340414,Snowy,528.0,2908.800317671845
2024-05-17,Phoenix,27.010990467149675,44.515900818931776,Cloudy,957.0,4172.252113482624
2024-05-18,Chicago,35.50654396007612,72.83715795039538,Cloudy,383.0,4924.966389821849
2024-05-19,Chicago,,79.3520876630518,Cloudy,963.0,4729.955694359207
2024-05-20,New York,36.8703030556038,78.23751045315122,Sunny,336.0,4735.463771384995
2024-05-21,Houston,31.387302220291847,63.15005804447335,Snowy,293.0,2608.8949393884495
2024-05-22,Houston,13.569950872695165,61.21019353864507,Rainy,386.0,2875.159522027164
2024-05-23,Phoenix,41.334315323010955,38.5725576803647,Snowy,870.0,3822.5415854759262
2024-05-24,New York,13.53654606981312,76.52076902418813,Rainy,857.0,4688.767712205137
2024-05-25,Chicago,28.02635465239033,46.28456282680286,Sunny,235.0,1567.9770374083387
2024-05-26,Houston,17.457241499806422,59.80172536907679,Sunny,891.0,2216.967455308783
2024-05-27,New York,24.358616534070073,47.056445575651004,Rainy,882.0,1556.987378376438
2024-05-28,Houston,28.287624103034805,38.029701779981586,Rainy,270.0,3448.0341198378214
2024-05-29,Houston,28.21357215450273,67.77346181350418,Rainy,258.0,2225.20398755015
2024-05-30,Chicago,29.219207542352848,33.25992208937423,Snowy,300.0,2304.431410050294
2024-05-31,Los Angeles,41.13711269058647,74.918714047572,Rainy,586.0,1283.663837951917
2024-06-01,Phoenix,29.535343015139798,49.055207715666995,Sunny,656.0,2399.184247230368
2024-06-02,Phoenix,22.558433647093512,30.00808158026912,Sunny,875.0,4449.986029606342
2024-06-03,Chicago,34.64087168288357,60.66774835423379,Cloudy,682.0,1932.2912475633398
2024-06-04,Houston,36.894704889246405,32.811114511656186,Rainy,603.0,3780.7498648402625
2024-06-05,New York,12.723921848630075,46.57017346925397,Snowy,975.0,3518.513379754371
2024-06-06,Houston,30.97400069849858,72.41858924734296,Snowy,470.0,4453.938433476462
2024-06-07,Chicago,32.01172742310898,33.76137729731195,Snowy,202.0,1529.1517906041531
2024-06-08,Phoenix,22.024364966400082,80.36030954136014,Cloudy,224.0,
2024-06-09,Houston,38.75706813311619,,Sunny,412.0,3330.514584161462
2024-06-10,Phoenix,23.499444129674732,44.809432152114134,Snowy,897.0,4981.896609387257
2024-06-11,New York,26.25576453471542,74.45424336912428,Sunny,,4646.058903463403
2024-06-12,Phoenix,23.269281757161306,,Cloudy,329.0,1886.069088452423
2024-06-13,Phoenix,25.155790475814676,36.11354328396081,Rainy,757.0,1224.6480396132524
2024-06-14,Los Angeles,14.037249131047982,51.61403512802568,Rainy,981.0,2022.5563751814461
2024-06-15,Los Angeles,10.599491174057057,46.22359718307153,Rainy,296.0,3110.2545959976796
2024-06-16,Los Angeles,40.94505063224972,80.56271412963329,Snowy,984.0,1686.3854682607598
2024-06-17,Phoenix,16.530386516816723,48.80087505510859,Rainy,832.0,
2024-06-18,Chicago,,77.33594830656043,Snowy,522.0,2850.3741884206124
2024-06-19,Phoenix,3.466098863962852,83.51232868864409,Cloudy,671.0,1133.0718846774337
2024-06-20,Chicago,18.610382523104978,56.02904517459177,Cloudy,709.0,1487.5523301290818
2024-06-21,Chicago,11.769102065925017,84.59658863126353,Snowy,270.0,
2024-06-22,Los Angeles,41.42015160136369,52.63908323779157,Sunny,481.0,1252.519636831866
2024-06-23,Houston,35.09817089342634,87.8447049894065,Rainy,272.0,2587.020225822117
2024-06-24,New York,18.118496548222762,35.35737147153438,Rainy,762.0,2896.0250637937806
2024-06-25,Los Angeles,47.52435805344309,71.22115599019457,Rainy,552.0,2805.0664562924576
2024-06-26,Los Angeles,34.81765486991594,59.62884242741572,Snowy,449.0,4476.699429612349
2024-06-27,Houston,21.751686164913774,53.25892832733882,Cloudy,733.0,3120.2498202069296
2024-06-28,New York,0.005942851264268967,67.96271272491606,Rainy,593.0,2871.9218499121735
2024-06-29,Phoenix,47.90942572590742,72.23142549805988,Cloudy,719.0,2642.8369815666647
2024-06-30,Phoenix,11.10427533236404,30.261796179018546,Rainy,103.0,4270.493513217945
2024-07-01,Los Angeles,8.546012530431081,40.01718532483192,Rainy,192.0,4580.226415999332
2024-07-02,New York,35.225704320096405,72.78276303805913,Snowy,105.0,4412.96987678847
2024-07-03,Los Angeles,49.39752406339273,69.98312481469239,Sunny,387.0,3694.1863125255636
2024-07-04,Chicago,38.84272818510518,87.96285030772063,Snowy,717.0,
2024-07-05,Los Angeles,30.639091200523595,75.66226741504698,Rainy,245.0,2107.479877968049
2024-07-06,Los Angeles,,87.04636246388029,Rainy,882.0,1184.2522547279098
2024-07-07,Phoenix,33.53415558780308,72.15243009208842,Sunny,523.0,4723.296299960457
2024-07-08,Phoenix,32.589285897867654,47.883132518366594,Cloudy,989.0,3643.194118763641
2024-07-09,Phoenix,27.811914239693756,36.32189533505139,Cloudy,707.0,3985.451537252966
2024-07-10,Chicago,26.042011039518762,76.90943180069613,Rainy,556.0,2246.2869583289157
2024-07-11,Phoenix,24.374068721004775,68.64895328855496,Cloudy,840.0,4382.614089109369
2024-07-12,New York,17.46035411133324,,Rainy,301.0,
2024-07-13,Houston,22.19324923133226,51.6030279540587,Sunny,311.0,1006.5750284497988
2024-07-14,New York,8.070431858046145,87.40798892905717,Sunny,105.0,2505.659850082776
2024-07-15,New York,24.016603732052502,60.02406874261207,Rainy,723.0,3283.0459238362937
2024-07-16,Phoenix,15.114088928490826,55.96374816118228,Sunny,475.0,2914.81943186209
2024-07-17,Houston,13.96410682784229,57.46197630955764,Snowy,990.0,4448.304570306388
2024-07-18,Houston,,42.53296344030982,Snowy,546.0,1421.6211438246678
2024-07-19,Houston,38.92002286344599,52.122430251887714,Sunny,934.0,3215.2937625349023
2024-07-20,Chicago,34.183166060023126,52.188795359230596,Rainy,205.0,3051.9173992836295
2024-07-21,Phoenix,9.29499396376823,33.14130121124835,Rainy,750.0,2125.5719286886524
2024-07-22,Houston,15.103718634296625,76.0540577110751,Sunny,910.0,4288.912450308042
2024-07-23,Chicago,34.40771187988216,54.99026591423274,Cloudy,500.0,4011.394623528825
2024-07-24,Los Angeles,15.175126064616904,79.3307932089854,Snowy,195.0,3931.436749327324
2024-07-25,Los Angeles,,81.02088006719373,Cloudy,487.0,4504.769913078224
2024-07-26,Chicago,30.50052099024552,42.71964328191949,Rainy,551.0,3891.1384024860845
2024-07-27,Chicago,15.316555451363648,69.44120893020772,Rainy,948.0,1927.365166858906
2024-07-28,Phoenix,26.053755061459597,58.3369082497789,Cloudy,908.0,
2024-07-29,Phoenix,11.659745050817955,82.8094042752891,Sunny,515.0,2230.8112535593755
2024-07-30,Los Angeles,,42.94444075058725,Cloudy,825.0,1968.6986013898822
2024-07-31,Houston,28.19781934142537,70.66879201860266,Cloudy,603.0,
2024-08-01,Los Angeles,9.070062664683308,66.46512733516334,Snowy,,3976.1143213907067
2024-08-02,Houston,29.40474737960399,47.718088654309966,Snowy,390.0,3844.003847799245
2024-08-03,Houston,24.80362201073319,38.196054219070355,Cloudy,633.0,1937.997910696375
2024-08-04,Phoenix,30.524899544171475,,Cloudy,292.0,3997.5160668966237
2024-08-05,New York,27.239141340646615,74.31584748793983,Rainy,249.0,4671.363532374213
2024-08-06,New York,38.64140429973844,48.937640625800995,Snowy,979.0,1432.115829966317
2024-08-07,Chicago,26.252245026479073,68.68995624133882,Snowy,858.0,1930.5465535470998
2024-08-08,Phoenix,20.70594458874747,53.7078544566902,Rainy,878.0,4001.043176349262
2024-08-09,Houston,26.22297503032284,72.79241299695707,Sunny,862.0,2098.0266940283127
2024-08-10,New York,30.43298029036388,41.95291649364319,Snowy,614.0,3498.6558971348672
2024-08-11,Houston,25.488600703257042,83.41290015817046,Snowy,492.0,1324.656897854858
2024-08-12,New York,25.405916912038823,47.244575787934785,Sunny,415.0,2808.809916414155
2024-08-13,New York,17.980083121932445,52.06715926536917,Snowy,,3956.3656879718123
2024-08-14,New York,18.37099082449052,33.48551712482099,Snowy,698.0,3746.05577217301
2024-08-15,Phoenix,10.973947282003065,36.690732739276584,Sunny,,4260.288402703227
2024-08-16,Los Angeles,42.495767431869396,60.95171416273969,Sunny,324.0,4509.808506412675
2024-08-17,Houston,12.561367646087149,46.05556060367829,Cloudy,629.0,4092.734005035033
2024-08-18,Phoenix,18.070948022040927,80.12881354453165,Rainy,212.0,
2024-08-19,Phoenix,17.815927344308026,30.88160331929723,Rainy,350.0,1126.8899672641246
2024-08-20,Phoenix,33.949243769444415,52.74564292031617,Sunny,332.0,3139.8666936377763
2024-08-21,Phoenix,22.050503217079722,50.24073280614556,Sunny,940.0,1150.7908996594113
2024-08-22,Phoenix,37.477420726737336,31.15965785505606,Snowy,890.0,4232.27126846409
2024-08-23,Chicago,,37.462103940030616,Cloudy,813.0,2282.8980978398304
2024-08-24,Houston,27.78994162223802,54.81856049511812,Cloudy,182.0,3249.7174964716837
2024-08-25,Phoenix,16.646529467402427,59.5718750668468,Sunny,224.0,2117.7812292756107
2024-08-26,Houston,46.45149127773388,54.25738483529214,Snowy,274.0,4130.000577521174
2024-08-27,Chicago,13.124015809704872,61.85626070472563,Snowy,168.0,4546.01010656761
2024-08-28,Chicago,28.098207102270276,65.70790049434089,Rainy,146.0,2594.569976852256
2024-08-29,Houston,31.337768809320984,30.595429267670138,Rainy,983.0,4451.689574043956
2024-08-30,New York,29.137990974514985,,Snowy,355.0,2068.3000298253296
2024-08-31,Los Angeles,23.147123411222918,87.8099544532553,Rainy,826.0,3138.643692302095
2024-09-01,New York,23.701793002665738,61.14193680777292,Sunny,129.0,4435.045719354815
2024-09-02,New York,25.438114719791095,70.65253604753718,Snowy,380.0,2303.5253704631614
2024-09-03,New York,23.529979983715116,48.71183147501299,Rainy,336.0,4816.1690603123425
2024-09-04,Phoenix,34.638791167949094,76.43948268916574,Cloudy,347.0,1487.5180071255345
2024-09-05,Chicago,47.10523001591351,76.3752889125669,Snowy,467.0,1073.100278894025
2024-09-06,New York,19.425082149921664,61.27776285924834,Snowy,594.0,4616.541410312762
2024-09-07,Chicago,11.301970204209223,88.56082939675281,Cloudy,124.0,1274.594664591489
2024-09-08,Houston,24.11717951648745,37.533012885759206,Sunny,685.0,4967.556783789967
2024-09-09,Los Angeles,50.79709337654319,31.01685989337486,Cloudy,817.0,4805.587447916425
2024-09-10,Houston,16.963254320302692,76.20949270542576,Snowy,589.0,1548.0836401452825
2024-09-11,Houston,41.391168054440676,78.42933224189295,Sunny,593.0,3150.3385027702634
2024-09-12,Phoenix,41.77700814076441,37.21243374723458,Rainy,413.0,1739.6811898685773
2024-09-13,Los Angeles,,45.93496997751636,Rainy,705.0,2712.6206921204794
2024-09-14,Houston,,,Rainy,474.0,1245.7005170393306
2024-09-15,Houston,41.283966231285376,47.598516646833886,Snowy,738.0,1895.6983511863582
2024-09-16,Los Angeles,21.208722590125127,76.38851243512029,Cloudy,124.0,2453.0911855955983
2024-09-17,Los Angeles,22.964196398976384,61.07763166275474,Sunny,433.0,2754.590000984219
2024-09-18,Houston,19.183190860513562,50.88573559009728,Rainy,454.0,4909.985032835573
2024-09-19,Los Angeles,14.852432693071332,52.30435769437982,Sunny,215.0,4231.462582735925
2024-09-20,Houston,18.50722454933993,30.08121754292809,Snowy,,3949.639777247785
2024-09-21,Houston,12.760597332377435,47.98803165391415,Rainy,837.0,3148.165258967897
2024-09-22,Phoenix,25.34083468259226,68.78752449827583,Snowy,877.0,4359.991042417374
2024-09-23,New York,17.30026768941358,88.45166662898143,Cloudy,198.0,2357.2913426228442
2024-09-24,Houston,27.337859117907477,80.82364961903397,Snowy,558.0,3835.5964510932645
2024-09-25,Chicago,9.441043537963727,,Snowy,622.0,4975.135901512688
2024-09-26,New York,28.308802322144572,83.91363628049035,Cloudy,696.0,2258.515635740795
2024-09-27,New York,33.33528961608925,76.99190479791756,Sunny,504.0,3696.070139535869
2024-09-28,New York,5.062643574285445,76.82256741425883,Cloudy,313.0,4377.25945660953
2024-09-29,Phoenix,28.74056569847572,57.47974554021429,Cloudy,784.0,4663.230333402689
2024-09-30,Houston,37.27668992473292,53.88031757727017,Snowy,602.0,3871.730763760407
2024-10-01,Phoenix,12.903589813087946,48.174943729991554,Sunny,820.0,2134.431693668545
2024-10-02,Houston,41.72572386837703,33.941691537261946,Rainy,547.0,2305.128606275786
2024-10-03,Phoenix,,43.69412180962195,Cloudy,993.0,1083.0321284958568
2024-10-04,Phoenix,17.94988144241591,44.79621809868148,Sunny,,4043.5439106860385
2024-10-05,Chicago,24.44230922342294,,Cloudy,357.0,1170.9584242478054
2024-10-06,Phoenix,30.583269125217225,74.84666439580164,Cloudy,943.0,4458.6094184109825
2024-10-07,Los Angeles,25.760053914124114,58.428589703876796,Cloudy,220.0,1474.642457898155
2024-10-08,Chicago,30.38755992446369,33.47066696682964,Cloudy,909.0,1687.506048543697
2024-10-09,Phoenix,15.793264069206337,87.46738805929223,Snowy,153.0,2906.105883328949
2024-10-10,New York,26.69360824036078,86.56345914564673,Sunny,430.0,3951.5216606749696
2024-10-11,Los Angeles,10.862855030950199,77.1113725889045,Sunny,883.0,1556.0088207963108
2024-10-12,Los Angeles,23.887739386512997,89.47967409385323,Sunny,340.0,2760.284300265994
2024-10-13,Los Angeles,,62.66893996801578,Cloudy,854.0,
2024-10-14,Chicago,17.644700574102334,87.76610101519236,Snowy,629.0,1849.1425666743653
2024-10-15,Phoenix,37.36093175210438,34.53630243700505,Cloudy,582.0,1462.233506722527
2024-10-16,Phoenix,35.91310120594269,51.940844895682275,Cloudy,286.0,4345.683691942559
2024-10-17,New York,31.09138120907177,43.52287608040595,Sunny,957.0,3009.862599051062
2024-10-18,New York,14.07687235327421,41.7499850480562,Cloudy,755.0,1057.5249439366119
2024-10-19,Los Angeles,21.835915503051982,38.44817693356056,Rainy,361.0,4211.925205236415
2024-10-20,New York,37.130976999791834,67.34481849395979,Cloudy,463.0,4923.175221658339
2024-10-21,Chicago,,76.8793113448383,Rainy,590.0,3423.7047816569893
2024-10-22,Phoenix,48.19329539981695,64.69790396522164,Cloudy,530.0,3014.833548336283
2024-10-23,Los Angeles,28.93317839394372,38.817762575292576,Snowy,338.0,4513.663452179846
2024-10-24,New York,26.920491164900316,78.66742619600825,Snowy,403.0,4810.067158738395
2024-10-25,Chicago,21.908835357974986,68.15728242982371,Sunny,397.0,4018.1476636098423
2024-10-26,Chicago,26.33540904782282,53.28994236761973,Cloudy,175.0,2781.8117189371515
2024-10-27,New York,23.475301636194562,70.44781773216377,Rainy,799.0,3368.885597325762
2024-10-28,Phoenix,32.0810867668859,45.59429875456997,Rainy,432.0,3803.741460071997
2024-10-29,New York,34.56702316794584,50.71153250965263,Cloudy,999.0,1777.0942840072057
2024-10-30,Los Angeles,17.140105394920504,85.04915058791941,Rainy,857.0,2788.8041288657523
2024-10-31,New York,11.687670464422219,47.43027034028522,Snowy,741.0,4319.28505886914
2024-11-01,Chicago,6.637946268967035,58.19929608947619,Rainy,573.0,3618.9013939937718
2024-11-02,New York,30.079913269125438,83.40846824376088,Sunny,926.0,2644.8162688474167
2024-11-03,Phoenix,13.966333938261265,72.46328101605164,Snowy,382.0,3653.4501360587255
2024-11-04,Houston,3.4710940704751714,33.73219356988216,Snowy,690.0,
2024-11-05,New York,28.88578604530964,38.83818265673822,Snowy,171.0,2605.9904422595055
2024-11-06,Phoenix,49.92999517432791,30.47049544631501,Cloudy,362.0,4172.514151852225
2024-11-07,Phoenix,24.939290884601068,67.85530741374981,Cloudy,802.0,1882.0351485465922
2024-11-08,Chicago,33.38490774451642,56.8604055246251,Snowy,978.0,1743.8460302296708
2024-11-09,Phoenix,25.81829358547565,38.05649105413653,Cloudy,986.0,4803.274639665726
2024-11-10,Phoenix,24.011103468088574,87.47604726340623,Rainy,674.0,1839.5905183449227
2024-11-11,Phoenix,34.190764829877686,61.7795834367372,Cloudy,991.0,2043.6743186006722
2024-11-12,Phoenix,22.097254558113487,44.51359764677335,Cloudy,,4878.463755617351
2024-11-13,Los Angeles,27.67392314071903,60.03621426928245,Snowy,,3938.8342810601025
2024-11-14,Los Angeles,28.216978061960138,70.77721996410646,Sunny,865.0,3798.386132094113
2024-11-15,Chicago,18.31909546356951,34.57435307841387,Sunny,654.0,4411.705535418325
2024-11-16,New York,34.92042349536523,,Sunny,116.0,1463.292328947177
2024-11-17,Phoenix,23.250402433045913,78.41792945303962,Rainy,162.0,3823.8249463200286
2024-11-18,New York,17.442548405071552,57.57989222415968,Cloudy,352.0,3014.754437312956
2024-11-19,New York,30.365098435704034,62.794628521937696,Sunny,564.0,4316.602561136559
2024-11-20,Chicago,16.015320182089628,55.96896013256816,Snowy,475.0,3032.566874660777
2024-11-21,Phoenix,25.281811573691282,32.63399655858031,Sunny,903.0,3480.9654170756485
2024-11-22,Phoenix,24.908810033557966,39.94498678920935,Sunny,619.0,2910.9685055981436
2024-11-23,Houston,35.85895565831578,56.73249832451346,Cloudy,,2912.6356942233765
2024-11-24,New York,29.74698232879953,42.551127924475665,Cloudy,189.0,4071.879912247326
2024-11-25,New York,24.749730412548562,32.99874171958072,Cloudy,819.0,3514.265602589133
2024-11-26,Los Angeles,33.17766299200287,80.61897984310943,Rainy,903.0,3533.0528064376417
2024-11-27,Houston,38.90207549017313,88.87155174984696,Rainy,895.0,2801.129935326103
2024-11-28,Los Angeles,30.578103063518622,77.58857243980437,Sunny,729.0,3124.4379853501105
2024-11-29,Los Angeles,25.103526198433805,81.22709530228002,Cloudy,960.0,3982.870664819149
2024-11-30,Los Angeles,,44.518627819022726,Sunny,274.0,
2024-12-01,Chicago,14.348863369246274,87.63761853079198,Snowy,175.0,3786.2456085761846
2024-12-02,Chicago,21.947752956453325,41.8155422672057,Snowy,712.0,4696.291955382732
2024-12-03,Los Angeles,18.904877978407168,,Cloudy,762.0,4281.2963525888035
2024-12-04,Houston,23.13028697014554,89.68915763795707,Cloudy,499.0,3247.455159238074
2024-12-05,New York,25.56649924897107,,Snowy,881.0,3685.6242905749473
2024-12-06,Houston,30.296927543567307,88.86862390750932,Cloudy,170.0,4705.233107684784
2024-12-07,Phoenix,24.295012219409088,,Rainy,279.0,3476.6721769722335
2024-12-08,Chicago,29.865016438262018,45.57250699056542,Rainy,223.0,4299.227791919322
2024-12-09,New York,25.644744148101204,56.219753139937254,Cloudy,,3755.2420143599484
2024-12-10,New York,5.245334336461287,65.61365612272715,Snowy,392.0,3207.745444241866
2024-12-11,Phoenix,15.606646061812457,,Sunny,896.0,1967.3527816614123
2024-12-12,Phoenix,23.559124442783844,67.34059587703476,Cloudy,294.0,
2024-12-13,Los Angeles,12.903052571588924,88.87067020573767,Cloudy,327.0,4870.971299334862
2024-12-14,Chicago,30.999287299962045,41.406458987023655,Sunny,530.0,3631.0615330904
2024-12-15,Chicago,40.30750832343698,77.555706977303,Cloudy,535.0,3257.5815213559586
2024-12-16,Houston,37.18761851697317,84.47392762677717,Sunny,886.0,4731.826502112909
2024-12-17,Los Angeles,22.865571290697922,86.62209556921326,Snowy,560.0,3346.047124149795
2024-12-18,Los Angeles,39.90726136849952,87.60813626432683,Rainy,717.0,3104.330073669612
2024-12-19,Los Angeles,26.486674572021116,61.287578323288315,Snowy,120.0,4037.243420600821
2024-12-20,Los Angeles,21.629140288819606,88.63847447949021,Rainy,163.0,3850.662475946178
2024-12-21,Chicago,,75.43861242806634,Sunny,264.0,1772.640033633731
2024-12-22,Chicago,21.975303135118715,39.700286174217716,Rainy,126.0,2885.233098296485
2024-12-23,Los Angeles,21.118231814587713,58.614006388078195,Snowy,410.0,2890.061771278341
2024-12-24,Houston,26.704162223754878,73.09987052232023,Rainy,384.0,2512.898060973379
2024-12-25,New York,26.605739810498648,44.840418949145004,Sunny,759.0,3069.1739286090124
2024-12-26,New York,25.030460201534144,68.43691101293325,Rainy,380.0,2652.4295909085768
2024-12-27,Houston,29.3693816974635,69.99602874279715,Cloudy,937.0,1797.3819578847324
2024-12-28,Los Angeles,36.906462747863415,39.76198462851396,Snowy,930.0,2649.465949098724
2024-12-29,Chicago,34.495541354413234,63.905118747165375,Cloudy,263.0,1289.1077902927063
2024-12-30,New York,10.151020315500965,76.29761465871647,Sunny,997.0,3303.1434510976464
2024-12-31,Phoenix,-0.5392113490195491,59.933739872156515,Rainy,323.0,4414.618195764448
2025-01-01,Phoenix,34.34319911239274,30.726187006566445,Cloudy,883.0,3901.1483374182208
2025-01-02,Houston,11.331213015845789,30.54230814475753,Cloudy,245.0,2441.576160216445
2025-01-03,Los Angeles,22.752345981073166,,Rainy,967.0,1348.2848223092328
2025-01-04,New York,13.298869739406404,,Rainy,129.0,1808.5975969010829
2025-01-05,Los Angeles,6.980195624199801,43.72060677621653,Snowy,144.0,3181.9613619793427
2025-01-06,New York,30.41462728204788,68.06182133230124,Cloudy,886.0,1828.2283335321313
2025-01-07,Houston,32.59155160302647,43.324552241599235,Cloudy,570.0,3175.8924451398702
2025-01-08,Houston,19.234895992732806,49.300199379572916,Sunny,133.0,1926.3960990555956
2025-01-09,Phoenix,-0.9104229214490971,80.88252537608903,Snowy,752.0,4395.695477904292
2025-01-10,Los Angeles,19.537555517475173,73.7316865361968,Sunny,526.0,2589.0858913618385
2025-01-11,Phoenix,28.918040054025465,35.723956638792636,Cloudy,929.0,1982.2025037779642
2025-01-12,Los Angeles,10.210884312258713,55.72212125918602,Sunny,985.0,4249.304720988246
2025-01-13,Phoenix,26.833599197791557,31.750185818715867,Cloudy,320.0,2371.3558592218033
2025-01-14,Chicago,24.846901508270044,58.85340879618054,Cloudy,967.0,1445.9507513551277
2025-01-15,Chicago,30.792914996010886,69.74604070206408,Sunny,633.0,3281.6379656145664
2025-01-16,Chicago,26.19580368414153,37.11015741588909,Sunny,791.0,3326.2568177519547
2025-01-17,Chicago,,47.333096334549936,Rainy,466.0,3858.7827009429366
2025-01-18,New York,36.965715016644914,53.87019753012942,Rainy,940.0,1960.8777328335423
2025-01-19,Chicago,23.4147042697303,85.17186147936299,Rainy,842.0,2775.0853563689807
2025-01-20,Houston,24.72695460490068,89.59530092537784,Cloudy,649.0,2129.471676170625
2025-01-21,Houston,15.66732040926804,32.69467793973695,Sunny,,1323.8149444627525
2025-01-22,New York,20.567177488084898,75.66047540972352,Snowy,215.0,4506.455308063567
2025-01-23,Chicago,16.15197285973099,52.30344398414059,Cloudy,338.0,3915.4792179533647
2025-01-24,Chicago,23.27053940076577,53.547491173768805,Snowy,434.0,2205.8522378352027
2025-01-25,Chicago,42.11708480142343,75.25589840082137,Sunny,,3397.491971487945
2025-01-26,Phoenix,11.280988570686436,85.10558592872451,Cloudy,247.0,1805.0551525378896
2025-01-27,Los Angeles,8.86438602123259,87.0557156701529,Snowy,,4560.946487183084
2025-01-28,Phoenix,,64.62735516229924,Snowy,387.0,1459.6253734476413
2025-01-29,Los Angeles,22.90676322848134,51.42726955803017,Rainy,487.0,1015.3485820312036
2025-01-30,Chicago,18.309272613400836,77.25294515152675,Rainy,149.0,3008.0327909567286
2025-01-31,Chicago,35.39904687396076,45.060082995738014,Rainy,949.0,3332.511293811477
2025-02-01,Phoenix,18.94384460263136,63.84444173001106,Cloudy,616.0,3315.8612811832177
2025-02-02,Phoenix,43.260097135469366,51.51470769149239,Sunny,954.0,1218.047709751305
2025-02-03,Los Angeles,31.779258713392693,69.39786442247257,Sunny,737.0,
2025-02-04,Houston,20.120885918542974,44.42393477361041,Rainy,686.0,2996.795787365327
2025-02-05,Los Angeles,46.57308213265503,41.49557674408955,Rainy,776.0,1866.3167425089637
2025-02-06,Phoenix,18.942850769966615,85.09434520052622,Rainy,377.0,4490.503541943585
2025-02-07,Phoenix,32.42095372009307,36.10822097697221,Snowy,935.0,1348.4371578457362
2025-02-08,New York,27.992925804064917,60.3574744640959,Rainy,399.0,2949.5377666881714
2025-02-09,Phoenix,38.01741289398798,43.251166977780535,Snowy,901.0,3765.664230052608
2025-02-10,New York,40.615111967268525,32.335797799540046,Sunny,688.0,2047.0044005379298
2025-02-11,Houston,25.320041490657665,32.161129097485585,Cloudy,909.0,
2025-02-12,Los Angeles,17.465821296538167,40.51330632634964,Cloudy,748.0,4317.540600569499
2025-02-13,Los Angeles,29.599721429391163,82.00622127036002,Cloudy,717.0,1761.3479003801901
2025-02-14,New York,18.22284630247894,46.9487246386216,Cloudy,706.0,4668.882367299451
2025-02-15,Los Angeles,45.13387247526623,87.02755023451775,Snowy,234.0,3214.234130649432
2025-02-16,Phoenix,26.365353310827373,64.89733757935161,Snowy,679.0,2196.928017204242
2025-02-17,Chicago,21.346784486878914,56.196851386125964,Rainy,246.0,2723.4331015290827
2025-02-18,New York,26.846803058649083,64.80533008016727,Snowy,589.0,2248.767535145552
2025-02-19,Los Angeles,11.528737104703035,61.00190311357606,Rainy,577.0,3900.4446397332645
2025-02-20,New York,,75.5265752254395,Rainy,258.0,4185.202653660528
2025-02-21,New York,,46.949763958371136,Cloudy,483.0,4331.749569274644
2025-02-22,Chicago,18.431057210286042,51.183023496018144,Snowy,262.0,4943.072998342965
2025-02-23,Phoenix,14.530890173180603,83.64565815199504,Snowy,540.0,4165.137169986734
2025-02-24,New York,30.36652752527286,86.78739078902433,Rainy,952.0,3405.5362827542535
2025-02-25,Los Angeles,36.85704154662997,83.55349364918847,Rainy,288.0,2356.881193567135
2025-02-26,Houston,32.18953310665067,,Sunny,514.0,3178.3817948429974
2025-02-27,New York,34.960476858058165,76.82193018041289,Sunny,438.0,1164.2726911616217
2025-02-28,New York,,58.58014399806593,Rainy,706.0,3979.3003021196523
2025-03-01,Chicago,10.781893332581562,59.85239112876613,Sunny,280.0,2783.8221803684073
2025-03-02,Phoenix,40.01333651955487,42.28080654343704,Sunny,387.0,1080.0929189287506
2025-03-03,Houston,21.773201611578642,65.46781819551099,Rainy,933.0,1250.0277660416432
2025-03-04,Los Angeles,22.491669835449528,41.16815386520088,Rainy,286.0,2549.8658552870265
2025-03-05,Houston,38.281941418490575,49.89388194403163,Snowy,983.0,3333.6860760737404
2025-03-06,Los Angeles,30.5623000940066,,Rainy,237.0,2856.8157958085067
2025-03-07,Phoenix,29.558877720816078,,Rainy,229.0,3476.8172691686195
2025-03-08,Los Angeles,46.65002344901084,34.269497110405965,Cloudy,293.0,2921.177035165423
2025-03-09,Chicago,18.56481769619857,34.14045555676898,Snowy,415.0,3646.815381925387
2025-03-10,Chicago,34.278401280812375,86.44707123018648,Snowy,884.0,1876.5042586832035
2025-03-11,Chicago,25.570131248970846,60.415226277710076,Snowy,963.0,1451.3727487344856
2025-03-12,Chicago,27.68592278863257,54.5647243090211,Cloudy,243.0,3385.7358185026396
2025-03-13,Houston,40.28468426412532,78.6527148604751,Rainy,115.0,2938.7580677452297
2025-03-14,Phoenix,30.078357562896237,80.14955567463096,Snowy,401.0,1107.4706161797412
2025-03-15,Los Angeles,30.38296079049633,49.93146198693628,Snowy,522.0,2521.9275419721434
2025-03-16,Los Angeles,35.72507337309802,71.6170834484277,Sunny,344.0,1424.502341963982
2025-03-17,Chicago,21.350472704571146,76.2673689511132,Snowy,206.0,3125.427327010781
2025-03-18,Chicago,16.607903326609936,69.27904121195726,Rainy,187.0,2583.110718641723
2025-03-19,New York,14.551908059789664,39.095704488005964,Rainy,,3452.6076444120717
2025-03-20,Phoenix,5.336434106239981,82.55298501102342,Sunny,986.0,4222.408875080953
2025-03-21,Houston,45.56207129940322,62.34567316416052,Snowy,440.0,2198.674735365963
2025-03-22,Los Angeles,13.96791634278317,46.94834558220022,Snowy,103.0,4848.40841666011
2025-03-23,New York,22.78746376414228,55.513691126261634,Snowy,426.0,3142.5380023502976
2025-03-24,New York,22.231867001110793,32.25426542393444,Cloudy,,3473.1631950191518
2025-03-25,Los Angeles,,37.672008073345054,Snowy,978.0,3722.689492902948
2025-03-26,Houston,33.15737212539297,75.93280503095164,Rainy,405.0,3666.926119430359
2025-03-27,New York,33.60473488359745,30.000698085321968,Rainy,706.0,3043.8829721802485
2025-03-28,New York,19.169225614310616,54.993949708937535,Cloudy,,2715.057164458734
2025-03-29,Phoenix,23.328782862135885,61.35061086513531,Cloudy,324.0,1215.1278567095117
2025-03-30,Houston,27.825799504882998,33.278065200058336,Snowy,447.0,
2025-03-31,New York,22.51308873816453,88.38468977833998,Sunny,420.0,2431.844778131059
2025-04-01,Houston,41.07345576019993,43.56751987498032,Cloudy,658.0,2334.6435625347704
2025-04-02,Los Angeles,29.90974951638251,48.25192317817685,Cloudy,280.0,2550.7806193560273
2025-04-03,Chicago,32.348777860498174,48.23655073530164,Snowy,717.0,
2025-04-04,New York,31.628812686674127,43.824999727040996,Snowy,810.0,3952.6730821473748
2025-04-05,Phoenix,36.73473857485325,30.088429325178684,Cloudy,485.0,4427.857659104956
2025-04-06,Los Angeles,26.81021558703707,73.76068764527977,Sunny,717.0,4754.85854149614
2025-04-07,Houston,12.031680520441535,88.01072998795712,Cloudy,891.0,2969.4492140785032
2025-04-08,Los Angeles,28.996879517526416,43.4576089971027,Snowy,871.0,3803.4627965017144
2025-04-09,New York,18.48643106208171,69.78283150820535,Snowy,207.0,4422.204493743489
2025-04-10,Houston,19.713833182502434,74.51377961752291,Cloudy,630.0,2673.1644443739438
2025-04-11,Chicago,30.86364018755093,80.90552274543148,Sunny,509.0,2237.6511794817775
2025-04-12,Los Angeles,37.38283071433636,55.357751820816546,Cloudy,,4746.89822341396
2025-04-13,New York,25.212715767360617,48.17585433842575,Cloudy,917.0,3062.7062043082924
2025-04-14,Phoenix,28.08833012598964,49.517708041381866,Snowy,270.0,2989.015546363512
2025-04-15,Houston,42.02214944635238,72.75727998591077,Sunny,430.0,1713.6643862539831
2025-04-16,Los Angeles,27.40753179488568,79.00676799033816,Rainy,592.0,1432.620058293427
2025-04-17,Los Angeles,51.01683114180395,40.89683806539616,Sunny,294.0,4368.427449934046
2025-04-18,Chicago,30.65509645631544,52.25646048946591,Cloudy,111.0,3456.5327047500723
2025-04-19,Chicago,7.3923724084418225,84.116411804949,Cloudy,294.0,2303.298336077795
2025-04-20,Phoenix,32.53341621104533,78.40161118168436,Cloudy,589.0,1766.9448695610658
2025-04-21,Phoenix,28.811583848827777,89.09150416574855,Sunny,894.0,3221.9891206785255
2025-04-22,New York,37.897527540827454,75.25489558092485,Snowy,980.0,3335.677157044541
2025-04-23,New York,31.731813512699585,53.59171206167534,Cloudy,281.0,1827.9744049802325
2025-04-24,Phoenix,23.61544016016226,65.43827003967826,Cloudy,916.0,
2025-04-25,Phoenix,12.757017637106342,69.66085525483922,Sunny,755.0,1337.0574646234045
2025-04-26,Houston,22.909767427139748,34.70734897902744,Rainy,997.0,2424.372340665687
2025-04-27,Chicago,16.494795457907,62.669817546231904,Rainy,415.0,3721.5376550500887
2025-04-28,New York,19.194765501952773,72.55924970835657,Snowy,793.0,2096.481455276803
2025-04-29,Chicago,30.885784044206098,40.039278240063624,Snowy,129.0,4310.700779125087
2025-04-30,Chicago,41.69904504351406,76.83790304553344,Cloudy,695.0,3959.471306401614
2025-05-01,Phoenix,28.94671529822981,65.0263668308467,Sunny,777.0,4156.091378192537
2025-05-02,Houston,13.041169379648156,87.13330714185568,Cloudy,895.0,1476.4261435068652
2025-05-03,Los Angeles,29.446026682201406,,Snowy,892.0,1562.1885119821718
2025-05-04,Houston,36.966314866456514,45.919568253328016,Sunny,195.0,2145.8949509783342
2025-05-05,Houston,18.902170956806177,66.09323275798944,Sunny,480.0,3072.308660790244
2025-05-06,Chicago,23.659828333270823,,Snowy,877.0,3992.06430679761
2025-05-07,Houston,25.14688194729197,72.86544984427454,Rainy,543.0,4346.123563043614
2025-05-08,New York,17.1510168691776,75.54031695131586,Rainy,397.0,3817.341263828722
2025-05-09,Chicago,31.48280433843859,36.150957843988465,Sunny,907.0,4714.387526122553
2025-05-10,New York,23.790518513922184,60.831267852406064,Cloudy,,3954.974038463721
2025-05-11,Los Angeles,29.195324439070276,60.53343333546336,Rainy,944.0,2225.071548018459
2025-05-12,Chicago,16.125078221979,52.156846212932464,Cloudy,460.0,2060.3251373542903
2025-05-13,Los Angeles,20.625416996765896,85.97549175418033,Rainy,473.0,3784.7698012043597
2025-05-14,Chicago,32.22381357827771,79.65037919239327,Rainy,653.0,1771.4822747584572
2025-05-15,Phoenix,21.27166847908233,71.8325629145782,Cloudy,402.0,
2025-05-16,Houston,42.269638512334055,72.85959814409986,Snowy,520.0,
2025-05-17,Phoenix,21.003638143853976,57.70296862878715,Rainy,345.0,4286.566279115821
2025-05-18,Los Angeles,27.24684725751886,85.25967126579455,Rainy,819.0,1405.5193698794542
2025-05-19,Houston,34.325908318730896,71.67572563519713,Cloudy,336.0,4167.565295182917
2025-05-20,Chicago,10.816342670669684,73.738863699349,Snowy,633.0,4246.288017406192
2025-05-21,Houston,7.391911880192239,81.70145422724072,Rainy,284.0,2929.0960003261744
2025-05-22,New York,9.743436854299052,46.444295360531456,Rainy,567.0,
2025-05-23,Houston,37.62584103427182,78.42425423200217,Snowy,853.0,1698.3594049887456
2025-05-24,New York,19.481418541075534,41.71443617738952,Rainy,462.0,3829.7051006477295
2025-05-25,Houston,50.58199285668252,50.72051713469327,Snowy,382.0,3847.1117799637977
2025-05-26,New York,19.357524013426115,50.136627256190565,Snowy,652.0,4593.421100670661
2025-05-27,Los Angeles,26.84551303197037,88.71152810334843,Cloudy,435.0,3330.7445862183313
2025-05-28,Phoenix,40.421099525678756,81.39223342487561,Sunny,261.0,1496.4294708551097
2025-05-29,Chicago,,72.07019169541559,Snowy,259.0,1485.6596220198885
2025-05-30,Houston,,73.62340569692341,Cloudy,,3884.529429427295
2025-05-31,Phoenix,37.083662305931426,63.724367664154265,Sunny,700.0,1735.1386604316044
2025-06-01,Chicago,35.240625258114626,,Rainy,421.0,2313.5419984664213
2025-06-02,Chicago,30.92526949201183,59.77552517294169,Sunny,111.0,2948.8480276876553
2025-06-03,New York,32.78361076166638,52.831062592193675,Snowy,523.0,1099.0595103046048
2025-06-04,Los Angeles,19.488142836714665,39.78212021589546,Snowy,172.0,1995.2761080797275
2025-06-05,Los Angeles,16.81801116577693,77.17233913566348,Snowy,,2631.5584340291202
2025-06-06,Phoenix,24.96625542589048,74.06663592453549,Snowy,957.0,2118.5452739728253
2025-06-07,Los Angeles,23.298153774750716,53.06130231144809,Snowy,300.0,1545.4813098702634
2025-06-08,Houston,20.46771950672725,31.51160483755376,Cloudy,621.0,3912.0490311847893
2025-06-09,Los Angeles,31.963874474567152,80.33983966308065,Snowy,963.0,4252.590620671939
2025-06-10,Phoenix,34.553052085705104,30.68507900724442,Cloudy,604.0,2029.9159045748993
2025-06-11,Los Angeles,25.884068862918472,72.22198677774306,Rainy,837.0,4097.677978425214
2025-06-12,Houston,39.77530081055262,88.21542658356341,Snowy,787.0,2542.2142576052556
2025-06-13,New York,13.58310885866495,56.259679688892206,Snowy,887.0,3026.743163416011
2025-06-14,Phoenix,23.06340540720282,44.09840429975716,Sunny,138.0,4424.004299572611
2025-06-15,New York,17.83177679397195,72.29226060260291,Rainy,159.0,3999.814727209631
2025-06-16,New York,6.3346338292694,79.0276885209351,Snowy,677.0,4220.4674052647115
2025-06-17,New York,24.17319314157301,62.78581896467084,Snowy,420.0,1547.3806663454272
2025-06-18,Chicago,23.782524916167166,88.02211651536877,Rainy,534.0,1278.877703334918
2025-06-19,Chicago,40.13449743242131,33.100123299477666,Cloudy,735.0,4573.618916351948
2025-06-20,New York,31.308116845547776,60.28773589827169,Snowy,775.0,2551.3370782843776
2025-06-21,Phoenix,14.75813175670795,,Sunny,507.0,2151.5187122787233
2025-06-22,Houston,43.54092566334188,81.75842826895074,Snowy,,3898.785017047298
2025-06-23,Houston,37.21033695525353,40.755336714467404,Sunny,770.0,4345.662386319427
2025-06-24,Los Angeles,30.82097703468616,78.00020890582088,Sunny,668.0,4449.958487593203
2025-06-25,Phoenix,22.73515901150168,,Snowy,177.0,2263.9885645009094
2025-06-26,Chicago,15.405607632765202,53.7932209193978,Snowy,293.0,4408.849564806696
2025-06-27,New York,21.27793223928947,37.90290171474561,Sunny,384.0,1163.7357774973816
2025-06-28,Los Angeles,35.88748619704186,81.91774553453475,Rainy,626.0,1198.6459658388756
2025-06-29,Houston,43.84586305934609,39.43639249078292,Rainy,623.0,3494.076780696618
2025-06-30,Chicago,40.43243528272189,48.58727155254596,Snowy,712.0,1252.4254764621849
2025-07-01,Chicago,20.111505782137257,47.40273191774621,Cloudy,255.0,2298.436674040646
2025-07-02,New York,13.803825667109887,82.28484205145125,Rainy,439.0,3691.023944987696
2025-07-03,Houston,26.40886246911204,70.36217965253388,Snowy,,2349.0675842169053
2025-07-04,Phoenix,7.315606344371485,77.80088383148234,Rainy,970.0,1718.3991257603836
2025-07-05,Chicago,28.231677141847815,45.02807392754994,Cloudy,379.0,2125.4024874153665
2025-07-06,New York,23.52397413701331,67.49244597641993,Snowy,721.0,
2025-07-07,Phoenix,20.339634981317577,64.30475898862491,Cloudy,945.0,2901.5434214219295
2025-07-08,Houston,9.052969327332045,,Snowy,968.0,4132.000925388807
2025-07-09,Chicago,30.136001065697165,84.36522362887564,Cloudy,757.0,4000.61291772605
2025-07-10,Phoenix,19.672991603380886,30.729406288643208,Rainy,827.0,2827.2712182245405
2025-07-11,Phoenix,13.30083164289712,70.44119514352755,Rainy,773.0,4382.669396395086
2025-07-12,Phoenix,-3.7226221328164932,33.11014794718374,Cloudy,227.0,1456.9485543655833
2025-07-13,Chicago,24.724850949493636,62.931519904641355,Cloudy,413.0,2021.413400915606
2025-07-14,Chicago,42.72251596669744,47.25796374262069,Cloudy,431.0,4311.905854009006
2025-07-15,Los Angeles,41.6125921454787,48.40659597132847,Snowy,,2511.976154504612
2025-07-16,Houston,20.429037434137282,,Rainy,553.0,4924.726235175369
2025-07-17,New York,18.977879396382193,67.27754694297661,Snowy,135.0,2865.0131261113415
2025-07-18,Phoenix,29.687742560750237,50.042997940126156,Rainy,784.0,4167.742491855057
2025-07-19,Los Angeles,15.016145608117085,73.96194303541682,Sunny,519.0,2609.228165529488
2025-07-20,New York,28.01791899819466,54.27164313443218,Snowy,121.0,2699.8140762497214
2025-07-21,Los Angeles,32.660802783846904,34.101192018597516,Rainy,305.0,2531.532589136734
2025-07-22,Chicago,37.26933223884308,77.02559054904643,Rainy,738.0,3876.302482043247
2025-07-23,Phoenix,23.99845923520047,47.14549947556236,Snowy,947.0,3190.071536239978
2025-07-24,New York,22.963262498230343,55.96601277595576,Snowy,455.0,4775.112445473476
2025-07-25,New York,16.220174132434387,71.12663299331409,Rainy,539.0,2003.561266136419
2025-07-26,New York,16.7311964596014,49.94736942892272,Snowy,828.0,1402.2509283337774
2025-07-27,New York,22.735211080984733,33.39513936880294,Cloudy,195.0,2573.0459403968607
2025-07-28,New York,28.673655068161782,52.43526282076881,Snowy,263.0,
2025-07-29,Los Angeles,34.13584626233249,86.66691496165821,Snowy,247.0,4443.19574766198
2025-07-30,Phoenix,16.96821049319655,68.50406383791349,Snowy,629.0,2384.7875467213107
2025-07-31,Chicago,39.92688568959522,70.28874892003242,Rainy,393.0,3615.1470044978464
2025-08-01,Chicago,22.288763989574313,67.9369292182584,Cloudy,294.0,2400.794724092876
2025-08-02,Chicago,24.78632705651564,41.93952833756621,Sunny,762.0,3468.8783319778327
2025-08-03,Chicago,17.527883208521764,55.10003184613681,Sunny,579.0,4539.231788122604
2025-08-04,Los Angeles,0.7575973972705832,75.0563879017991,Cloudy,976.0,1925.4305690376361
2025-08-05,Houston,33.8404539636105,36.08237385318955,Cloudy,222.0,2616.9665684281567
2025-08-06,Phoenix,32.36843897092433,46.671166565382734,Cloudy,499.0,4973.060785718986
2025-08-07,New York,22.186724428817865,46.579146507951215,Rainy,798.0,4474.228112997844
2025-08-08,Houston,25.66990717224872,55.921135655670355,Sunny,551.0,3258.559431584808
2025-08-09,Chicago,30.159392177040996,88.8221244565311,Cloudy,760.0,3066.5103674171014
2025-08-10,Houston,9.374541431134574,34.05015280102931,Rainy,203.0,2138.401529218724
2025-08-11,Phoenix,19.709473226537053,61.1220596628357,Sunny,854.0,3068.8377107741176
2025-08-12,New York,32.94264679621827,40.76188092073263,Snowy,561.0,4392.725993119789
2025-08-13,New York,12.457105768307507,88.24059272458464,Rainy,842.0,3740.698053111122
2025-08-14,Phoenix,27.935579321666292,36.798210283647855,Sunny,,2160.176112711946
2025-08-15,Phoenix,11.43418195376595,54.21606014169548,Rainy,809.0,1805.8556842141318
2025-08-16,Chicago,29.664299824335263,74.27309909007637,Sunny,495.0,2060.8341479873166
2025-08-17,New York,,72.27326568164672,Sunny,436.0,1679.036805571306
2025-08-18,Houston,8.848681840944906,55.363718213635934,Snowy,698.0,1382.5627840948637
2025-08-19,Los Angeles,36.64739354457171,50.79145007716309,Rainy,241.0,2676.54469776822
2025-08-20,Los Angeles,17.654084232019507,53.85674271317224,Cloudy,416.0,1453.1984175930706
2025-08-21,Phoenix,16.89747562985619,45.85657578951836,Snowy,810.0,1687.6502309084174
2025-08-22,Chicago,27.005691972309428,42.31997632240799,Snowy,657.0,3189.2987373579444
2025-08-23,Los Angeles,36.48637349428715,58.9823818535334,Sunny,899.0,1658.397094798299
2025-08-24,New York,,46.112025364056436,Cloudy,626.0,1255.5190697236114
2025-08-25,Phoenix,25.616798498479717,47.247699893835005,Rainy,655.0,2269.5554001115406
2025-08-26,Houston,29.28816500330573,69.40536380847342,Cloudy,500.0,1881.2763944878702
2025-08-27,Phoenix,31.931056072631442,88.11223990199353,Cloudy,780.0,3061.220751977507
2025-08-28,Houston,26.764415552772252,66.21823203356251,Cloudy,409.0,1409.4683383328372
2025-08-29,Phoenix,21.329721609166775,34.61876802389798,Cloudy,594.0,4007.0831507319126
2025-08-30,Phoenix,16.724097793512804,34.53501683124402,Cloudy,655.0,4624.934077740554
2025-08-31,Phoenix,25.861438830463747,87.08539325073396,Sunny,709.0,3973.7406958247775
2025-09-01,Houston,14.27860988014393,47.83744741844002,Sunny,872.0,3131.308149605577
2025-09-02,Houston,-4.213504834946072,35.52401916494853,Snowy,208.0,4442.671287155541
2025-09-03,Phoenix,29.36559804157668,65.9426752290229,Sunny,894.0,3779.67351912603
2025-09-04,Los Angeles,,67.41892669741597,Snowy,471.0,1042.2044898007593
2025-09-05,Chicago,1.3706756445816168,68.91028920712128,Snowy,954.0,2576.3606110980127
2025-09-06,Chicago,14.902692952900624,46.04412167145248,Rainy,715.0,4403.8075976272
2025-09-07,Chicago,31.19154261005198,30.9066410528685,Cloudy,867.0,2383.435431901077
2025-09-08,Houston,45.574954697116986,87.9009221672683,Sunny,990.0,1140.860694102094
2025-09-09,Houston,25.207937076754078,45.05358274146615,Rainy,305.0,3984.7185542090892
2025-09-10,Los Angeles,17.719970587708655,70.56157728315284,Sunny,946.0,4208.153081131474
2025-09-11,Chicago,23.171035588951597,72.39779219272258,Snowy,142.0,1642.3747801732343
2025-09-12,Chicago,38.74876419148185,66.60044502476914,Sunny,964.0,3149.361987372725
2025-09-13,Phoenix,,48.77444365281889,Cloudy,344.0,1767.8217559829031
2025-09-14,Houston,17.008079933497463,46.265775225843946,Snowy,386.0,3876.937676176587
2025-09-15,Chicago,20.172564778179677,65.86009696216219,Snowy,454.0,2086.2018207099427
2025-09-16,Los Angeles,15.466713917412877,81.9657380167015,Rainy,884.0,2264.86049025332
2025-09-17,Los Angeles,26.226703159947956,86.80402373540373,Cloudy,575.0,4379.883414560405
2025-09-18,Chicago,41.246784584695604,36.35434826422546,Snowy,182.0,2905.289408827617
2025-09-19,Houston,28.230792731160292,39.28971675586319,Cloudy,209.0,3679.0178048729913
2025-09-20,Los Angeles,22.476464978737123,86.68417552698477,Sunny,289.0,2609.492202889871
2025-09-21,Phoenix,22.081887310844557,74.19211370008756,Cloudy,899.0,2192.0274287750217
2025-09-22,Los Angeles,,82.97962948978639,Snowy,350.0,3501.9122416986456
2025-09-23,New York,33.83109777147159,42.15795804812059,Rainy,823.0,
2025-09-24,New York,24.22162802987198,65.25515226656411,Snowy,390.0,2491.999342267452
2025-09-25,Houston,23.195200864093742,72.06837566504842,Cloudy,744.0,1836.1481495436892
2025-09-26,Chicago,56.93107567844861,70.80671312681835,Cloudy,300.0,3783.179867762982
